Chromosome,Position,1,2,3,4,5,6,7,8,9,10
100000,18,1,1,0,0,0,0,1,1,0,0
100000,29,0,0,0,0,1,0,0,1,0,0
100000,62,0,0,1,1,1,0,0,1,0,1
100000,121,0,0,0,1,0,1,1,0,0,0
100000,149,1,0,0,0,1,1,0,1,0,0
100000,217,1,0,0,0,0,0,1,0,0,0
100000,246,1,0,0,1,0,1,1,0,0,1
100000,365,1,0,1,0,0,1,1,1,1,1
100000,367,0,0,0,1,0,1,0,1,1,1
100000,384,0,1,0,0,1,0,0,0,0,0
100000,412,0,1,0,1,1,1,0,1,1,0
100000,414,1,1,1,1,0,1,0,0,0,0
100000,465,0,1,0,1,1,0,0,1,1,1
100000,597,0,0,0,1,0,0,1,0,0,0
100000,633,1,0,1,1,0,0,0,0,1,1
100000,695,1,0,1,0,1,0,0,0,1,1
100000,724,0,0,0,0,0,1,0,0,1,1
100000,748,0,0,1,0,1,0,1,0,1,1
100000,819,1,1,0,0,0,0,1,0,1,0
100000,947,1,1,0,0,1,0,0,1,0,1
100000,1044,1,1,0,0,1,0,1,1,0,1
100000,1105,1,1,1,0,0,0,1,1,1,0
100000,1303,1,1,1,0,0,1,1,1,1,0
100000,1311,1,0,0,1,0,0,0,0,1,0
100000,1417,1,1,1,0,1,0,0,0,1,0
100000,1479,0,0,0,0,1,1,0,1,1,0
100000,1512,1,0,1,1,0,0,0,1,1,0
100000,1549,0,1,0,1,1,1,1,1,1,1
100000,1574,0,0,0,0,0,1,0,0,0,0
100000,1593,1,1,0,0,1,1,1,0,0,0
100000,1650,0,1,1,1,1,1,0,0,1,0
100000,1705,1,0,1,0,1,0,1,1,1,0
100000,1718,0,0,0,1,0,0,1,0,0,0
100000,1740,0,1,1,1,0,1,1,0,1,1
100000,1748,1,1,1,1,1,0,0,0,1,1
100000,1791,1,1,1,0,0,0,1,1,1,0
100000,1819,1,1,0,1,1,0,1,1,1,1
100000,1845,1,1,1,1,0,0,1,1,0,0
100000,1856,0,1,0,1,0,1,0,1,0,1
100000,2030,0,1,1,0,1,0,0,1,0,1
100000,2041,0,0,1,0,1,0,0,0,1,1
100000,2043,1,1,1,1,0,0,1,1,1,1
100000,2077,1,1,1,1,0,1,1,1,0,1
100000,2103,1,1,1,1,1,0,0,0,1,1
100000,2148,0,0,0,0,0,1,0,0,1,0
100000,2203,1,0,1,0,1,0,0,0,0,1
100000,2221,1,0,1,1,0,0,0,0,1,0
100000,2246,1,0,0,0,0,0,0,0,0,1
100000,2281,1,0,1,0,0,0,0,1,1,1
100000,2327,0,1,1,0,0,0,0,1,0,1
100000,2367,0,1,1,0,1,0,1,1,0,1
100000,2408,1,1,0,1,1,1,0,0,1,1
100000,2461,0,0,0,1,1,1,0,0,0,0
100000,2491,0,0,0,0,0,1,0,1,1,1
100000,2521,1,1,0,0,0,1,0,0,1,1
100000,2532,1,0,0,0,1,0,1,0,0,0
100000,2639,1,1,1,0,0,0,1,0,0,0
100000,2645,1,1,0,1,1,1,0,1,0,0
100000,2691,0,0,1,0,0,1,0,0,0,1
100000,2738,0,1,0,0,1,1,1,0,0,1
100000,2746,1,0,0,0,0,0,1,1,1,1
100000,2808,0,0,1,1,0,0,0,0,1,1
100000,2863,1,0,1,1,0,0,0,1,1,0
100000,2881,0,0,0,1,1,0,1,1,0,0
100000,2921,1,1,1,1,0,0,1,0,0,0
100000,2929,1,0,1,0,0,1,0,0,0,0
100000,2977,1,0,0,0,0,1,0,0,0,1
100000,2985,0,0,0,1,0,1,0,0,0,1
100000,3015,0,0,1,1,0,1,0,0,0,1
100000,3135,0,1,0,1,1,1,1,0,0,0
100000,3249,1,1,0,1,1,1,1,1,1,0
100000,3252,1,1,0,0,1,1,1,1,0,0
100000,3256,1,1,0,1,1,0,1,1,1,0
100000,3353,0,0,1,0,0,1,0,0,0,0
100000,3373,1,1,1,0,0,1,1,0,0,0
100000,3384,0,1,1,1,0,1,1,1,1,0
100000,3435,1,1,0,0,1,0,0,0,0,0
100000,3452,0,1,0,0,0,1,0,1,1,1
100000,3471,1,1,1,0,0,1,0,0,1,0
100000,3567,0,1,1,0,0,0,0,1,0,0
100000,3644,1,0,1,0,0,1,0,0,0,1
100000,3649,1,0,1,1,1,0,0,1,1,0
100000,3767,0,1,1,1,1,0,1,0,1,0
100000,3860,0,0,1,0,0,1,0,0,1,1
100000,3863,1,0,1,1,0,0,0,0,0,1
100000,3884,0,1,1,1,0,0,1,1,1,0
100000,3919,1,0,0,1,1,0,1,1,0,0
100000,3924,1,0,0,1,0,0,1,0,0,0
100000,3993,1,0,0,1,0,0,0,1,0,1
100000,4014,1,0,1,1,1,0,0,1,0,0
100000,4017,0,0,1,1,0,1,1,0,1,0
100000,4058,1,0,0,1,0,1,1,1,1,0
100000,4063,0,0,1,0,1,1,0,1,0,0
100000,4064,0,0,1,0,1,0,1,1,1,0
100000,4099,0,0,0,0,0,0,1,1,0,1
100000,4361,1,1,0,1,0,0,1,1,0,1
100000,4383,1,0,0,0,1,0,0,1,1,1
100000,4438,1,0,1,1,1,0,0,1,0,0
100000,4482,0,1,0,0,0,0,0,1,1,0
100000,4496,0,1,1,0,1,1,1,0,0,0
100000,4501,0,1,0,0,0,1,1,0,1,0
100000,4544,1,1,1,1,1,0,1,0,0,0
100000,4587,0,1,0,0,0,0,0,0,0,0
100000,4628,1,1,1,1,0,1,1,0,0,0
100000,4650,1,0,1,1,0,1,1,1,0,0
100000,4735,0,1,1,1,1,0,1,1,1,0
100000,4772,0,0,0,0,1,0,0,0,1,0
100000,4814,1,1,1,0,1,0,1,0,1,0
100000,4819,1,1,1,0,1,1,0,1,1,0
100000,4849,0,1,1,0,1,0,1,0,0,1
100000,4998,1,1,0,1,1,1,1,0,1,1
100000,4999,0,0,0,0,1,1,1,0,1,1
100000,5155,1,1,1,1,1,0,1,0,1,1
100000,5317,0,0,0,1,1,0,0,1,0,1
100000,5411,1,1,1,1,1,1,1,0,0,1
100000,5576,1,1,1,1,0,0,0,1,0,1
100000,5598,0,0,1,0,1,1,0,0,0,0
100000,5607,1,1,0,0,1,1,0,1,1,1
100000,5616,0,0,1,0,0,0,1,1,0,0
100000,5625,1,0,1,0,0,0,1,0,0,1
100000,5671,1,0,0,1,0,1,0,1,0,0
100000,5749,1,0,0,0,0,1,1,1,0,0
100000,5809,1,0,0,1,1,0,1,1,0,1
100000,5841,0,0,0,0,1,1,1,1,1,1
100000,5883,0,1,1,1,0,1,0,1,0,0
100000,5944,0,1,0,0,1,0,1,0,1,1
100000,5954,0,1,0,0,1,1,1,0,0,0
100000,5983,0,1,0,1,0,0,1,1,0,0
100000,6095,1,1,0,1,1,1,1,1,0,0
100000,6153,0,1,0,0,0,1,0,0,0,1
100000,6171,0,1,1,0,1,0,0,1,0,1
100000,6181,1,1,0,0,0,1,0,1,0,0
100000,6254,0,0,1,0,1,1,0,0,0,0
100000,6305,0,1,0,1,0,1,1,0,1,1
100000,6322,0,0,1,0,0,1,0,1,1,1
100000,6334,1,0,0,0,1,0,0,1,0,1
100000,6398,1,1,1,1,0,1,1,0,0,0
100000,6583,0,1,1,0,1,1,1,0,1,1
100000,6590,1,1,1,1,1,0,0,1,0,0
100000,6647,0,1,0,0,0,0,0,0,0,1
100000,6650,1,0,0,1,0,1,1,1,1,0
100000,6659,1,0,1,1,1,0,1,1,0,1
100000,6677,0,1,1,0,0,0,1,1,0,1
100000,6693,1,0,1,1,1,1,0,0,1,1
100000,6803,0,0,0,1,0,1,1,1,0,0
100000,6830,1,1,0,0,1,1,0,1,0,0
100000,6874,1,1,0,0,0,0,0,1,0,1
100000,6882,1,1,1,0,1,0,1,1,1,0
100000,6883,0,0,0,1,0,0,1,1,1,1
100000,6966,1,0,1,0,0,0,1,0,1,1
100000,6989,1,0,1,1,0,0,0,0,1,1
100000,7027,1,0,0,1,1,0,0,0,0,0
100000,7028,0,1,0,0,0,1,0,1,1,1
100000,7156,0,0,1,0,0,1,1,0,0,1
100000,7215,0,0,0,1,0,0,1,1,0,0
100000,7244,1,0,0,0,0,0,0,0,0,0
100000,7341,0,1,0,0,1,0,1,1,0,0
100000,7366,1,0,0,1,0,0,1,1,1,0
100000,7488,1,0,1,1,0,0,1,0,0,1
100000,7516,1,0,1,0,1,1,1,0,1,0
100000,7523,0,0,1,1,0,1,0,0,0,1
100000,7537,1,0,1,0,0,0,0,0,0,1
100000,7600,1,0,0,0,1,0,1,1,0,0
100000,7641,1,1,1,1,1,0,0,1,0,0
100000,7650,0,0,0,1,1,1,0,0,0,1
100000,7680,1,1,0,0,1,0,0,0,1,0
100000,7718,0,1,1,1,1,1,0,1,1,0
100000,7736,0,0,1,0,0,0,0,1,0,1
100000,7758,0,1,0,1,1,1,1,1,0,1
100000,7818,1,0,1,0,1,1,1,0,0,1
100000,7850,0,0,0,1,0,0,0,0,0,0
100000,7980,0,0,0,0,1,0,1,1,0,0
100000,7995,0,0,1,1,0,0,0,0,1,1
100000,8004,0,1,1,0,1,0,0,1,1,1
100000,8018,0,0,0,0,1,0,1,0,0,0
100000,8051,0,0,0,1,1,1,1,0,1,1
100000,8184,0,0,1,1,1,0,0,1,0,1
100000,8264,0,1,0,1,1,0,1,1,0,1
100000,8305,1,1,0,1,1,1,0,1,1,1
100000,8314,0,1,0,0,0,0,0,1,1,1
100000,8316,0,1,0,1,0,0,0,0,1,0
100000,8369,0,1,1,0,1,1,1,1,0,1
100000,8613,0,1,1,0,1,1,0,1,0,0
100000,8672,0,1,1,0,1,0,0,0,0,0
100000,8760,1,1,1,1,1,0,0,1,1,0
100000,8764,0,0,1,0,1,0,0,0,0,0
100000,8806,0,1,0,1,0,1,1,0,0,1
100000,8817,0,0,0,0,0,0,0,1,1,1
100000,8909,0,0,0,0,1,1,1,1,1,1
100000,8957,0,1,0,1,0,1,1,0,1,1
100000,8991,0,1,0,1,0,0,0,1,1,1
100000,9150,0,1,1,1,1,0,0,1,0,0
100000,9187,1,0,1,1,0,1,0,0,0,1
100000,9280,1,0,0,1,0,1,0,1,1,1
100000,9455,1,1,1,0,0,1,0,0,0,1
100000,9460,1,0,0,0,1,1,0,0,0,0
100000,9556,1,0,0,0,1,1,1,0,1,0
100000,9572,0,0,0,0,1,0,0,1,0,0
100000,9644,1,0,0,1,1,0,0,0,1,0
100000,9674,1,1,0,0,0,0,0,1,1,1
100000,9706,1,0,1,0,0,0,1,0,0,0
100000,9746,0,1,0,1,0,0,0,1,0,0
100000,9788,0,0,1,0,0,0,0,0,1,0
100000,9941,0,1,1,1,1,1,0,0,1,1
100000,9952,1,0,1,0,0,0,1,1,0,0
100000,9962,1,1,0,1,0,0,0,0,1,0
100000,10014,1,1,1,1,1,1,0,0,1,1
100000,10060,1,1,0,1,0,0,1,1,1,0
100000,10096,0,0,1,1,1,1,1,1,1,0
100000,10140,0,0,1,1,0,1,0,0,0,0
100000,10153,0,0,0,0,0,0,1,1,1,0
100000,10161,1,0,0,0,0,1,0,1,0,0
100000,10176,1,1,0,1,0,0,0,1,1,0
100000,10196,0,1,1,0,0,1,0,1,1,0
100000,10197,0,0,0,1,1,1,1,0,1,0
100000,10288,0,1,1,0,1,0,1,1,1,0
100000,10302,0,0,1,0,0,0,1,0,1,1
100000,10412,1,0,1,0,1,1,0,0,0,0
100000,10420,0,0,0,1,0,1,1,1,1,0
100000,10442,0,1,1,1,0,1,1,0,1,0
100000,10493,0,0,0,0,1,1,1,1,1,0
100000,10541,1,0,1,0,1,0,1,1,1,0
100000,10580,0,1,0,0,1,1,1,0,0,0
100000,10601,0,0,1,1,0,1,0,1,1,0
100000,10633,1,1,0,0,1,1,1,1,0,0
100000,10641,1,1,0,1,0,1,1,0,0,0
100000,10698,0,0,1,1,1,0,1,0,0,1
100000,10699,1,1,0,1,0,0,0,0,0,1
100000,10710,0,0,1,0,0,0,0,1,0,0
100000,10829,1,1,0,1,1,1,0,0,1,0
100000,10841,1,1,0,1,1,1,1,0,1,1
100000,10877,0,1,0,1,1,0,1,0,1,1
100000,10928,1,1,1,0,0,0,0,0,0,0
100000,10980,1,0,0,1,0,0,0,1,0,0
100000,11034,1,0,1,1,0,0,1,1,1,0
100000,11052,0,1,0,0,0,0,0,0,0,1
100000,11106,1,0,0,1,0,1,0,1,0,0
100000,11115,1,0,0,0,0,0,1,1,0,1
100000,11186,0,0,0,0,1,1,1,0,0,1
100000,11265,1,0,0,1,1,1,1,0,0,0
100000,11266,1,0,0,0,0,0,1,0,0,0
100000,11315,1,1,0,1,1,1,0,1,0,0
100000,11407,1,1,1,0,1,0,0,0,0,1
100000,11417,1,1,1,1,0,1,1,1,1,0
100000,11421,1,0,0,0,0,1,0,0,0,1
100000,11449,1,0,1,0,1,1,0,0,0,0
100000,11453,1,0,0,0,0,0,0,1,1,0
100000,11560,0,1,1,1,1,1,1,1,0,0
100000,11563,1,0,0,0,0,0,0,1,1,1
100000,11620,0,1,1,1,0,1,1,0,1,0
100000,11750,0,0,0,1,0,0,0,0,0,1
100000,11850,0,0,0,0,0,0,1,1,1,0
100000,11873,1,1,1,1,0,0,1,0,0,1
100000,11880,1,1,1,0,1,1,1,0,0,0
100000,11931,0,1,1,0,1,1,1,0,1,1
100000,12048,0,0,1,1,0,1,0,0,0,0
100000,12066,1,0,0,1,1,0,1,0,0,1
100000,12388,1,1,1,0,1,0,1,1,1,1
100000,12417,0,0,0,1,0,1,0,1,1,1
100000,12475,1,1,1,0,1,1,0,1,1,1
100000,12495,0,1,1,1,1,0,1,0,0,1
100000,12530,1,0,1,0,0,1,0,0,0,0
100000,12557,0,0,0,0,1,0,0,0,0,1
100000,12575,0,1,1,1,1,0,0,0,1,1
100000,12611,1,1,0,1,1,0,0,0,0,1
100000,12682,0,0,0,1,0,1,0,0,1,0
100000,12754,1,0,1,1,0,0,0,1,0,1
100000,12762,1,0,1,1,1,0,0,1,1,1
100000,12802,0,1,0,0,1,0,0,1,0,1
100000,12845,0,0,1,0,0,1,1,0,0,0
100000,12890,1,0,0,1,0,1,0,1,0,0
100000,12927,0,1,0,1,1,1,0,1,0,1
100000,13019,0,0,0,1,0,0,1,0,1,0
100000,13037,1,1,0,1,1,1,0,1,1,0
100000,13057,1,1,0,1,1,1,1,0,0,1
100000,13161,1,0,0,0,1,1,1,1,1,1
100000,13174,1,1,1,0,0,0,1,1,0,0
100000,13189,0,1,0,1,1,0,0,0,0,0
100000,13200,1,0,1,0,1,1,0,1,1,0
100000,13232,0,1,0,0,1,1,1,1,0,0
100000,13307,0,0,1,0,1,1,0,0,1,0
100000,13481,0,0,0,0,0,1,0,1,0,0
100000,13506,0,1,1,0,0,1,0,1,1,0
100000,13538,1,1,1,0,1,0,1,1,0,1
100000,13620,0,1,1,1,0,1,1,1,1,1
100000,13622,1,0,1,1,1,1,0,0,1,1
100000,13723,0,0,1,0,1,0,1,1,1,0
100000,13748,1,1,0,0,1,1,1,1,0,0
100000,13761,1,0,0,1,1,0,1,1,1,1
100000,13771,1,1,0,1,1,0,1,0,0,0
100000,13812,0,1,0,0,1,0,1,1,0,1
100000,13843,0,1,1,0,0,1,0,1,1,0
100000,13874,0,1,1,1,1,0,1,1,0,1
100000,13875,0,1,0,0,1,0,1,0,1,1
100000,13910,1,1,1,0,0,1,0,0,1,0
100000,13915,1,1,0,1,1,1,0,0,1,0
100000,13934,0,1,1,0,0,1,1,0,0,0
100000,13940,0,1,1,0,1,1,1,0,0,1
100000,14028,1,1,1,0,1,0,1,0,0,1
100000,14089,1,1,1,0,1,0,1,1,1,0
100000,14109,0,1,1,0,0,1,0,1,1,0
100000,14138,1,0,1,1,1,1,0,0,0,1
100000,14175,1,1,0,0,0,0,0,1,0,1
100000,14301,0,1,1,1,1,1,1,0,0,0
100000,14315,0,0,1,0,1,1,0,1,0,1
100000,14407,1,1,1,1,1,1,0,0,0,0
100000,14416,1,1,1,0,1,0,1,0,1,1
100000,14469,1,1,1,1,1,1,1,1,0,0
100000,14471,1,0,1,1,0,1,0,0,1,0
100000,14486,0,1,0,1,1,1,1,1,0,0
100000,14488,0,1,1,0,1,0,0,1,0,0
100000,14510,1,1,1,0,0,0,1,0,0,0
100000,14515,0,1,1,0,0,0,0,1,0,0
100000,14576,1,0,1,0,1,0,1,0,1,1
100000,14616,1,1,0,0,0,1,1,0,1,0
100000,14679,0,0,0,1,0,1,1,0,1,0
100000,14713,0,1,1,0,1,0,1,1,0,0
100000,14744,1,0,1,0,0,0,0,1,1,0
100000,14791,0,1,0,0,0,1,0,1,1,0
100000,14842,0,1,1,0,1,1,1,0,1,0
100000,14861,1,1,0,1,1,1,0,1,1,0
100000,14902,1,1,0,0,0,1,1,1,1,1
100000,14980,0,0,1,1,1,1,1,1,1,0
100000,14996,0,0,0,1,1,0,1,1,0,0
100000,15112,1,1,1,1,0,1,1,1,0,0
100000,15140,0,0,0,1,0,0,1,0,0,1
100000,15185,0,1,1,1,0,1,0,1,1,0
100000,15187,0,0,1,1,1,0,0,0,1,1
100000,15249,1,0,1,0,0,1,0,0,1,0
100000,15270,1,0,0,0,0,1,0,0,0,1
100000,15386,1,1,0,1,1,0,1,0,1,1
100000,15390,0,0,0,1,0,0,1,0,0,0
100000,15466,0,1,1,0,1,1,0,1,1,0
100000,15481,1,0,0,0,0,1,0,0,0,1
100000,15597,1,1,0,0,1,0,0,0,1,1
100000,15614,1,1,0,1,0,1,0,1,1,0
100000,15816,0,0,0,0,0,0,1,0,0,1
100000,15827,0,0,1,1,1,0,1,1,1,0
100000,16022,1,0,1,1,1,0,1,1,1,0
100000,16034,1,0,0,0,1,1,1,0,1,1
100000,16181,0,1,1,0,1,1,1,1,0,0
100000,16331,0,1,0,1,0,1,1,0,0,0
100000,16467,0,0,0,1,0,1,1,0,0,0
100000,16476,0,0,0,1,0,1,0,1,0,1
100000,16781,1,1,1,0,1,0,1,1,1,1
100000,17013,0,0,0,0,0,0,1,1,0,1
100000,17059,0,1,0,1,0,1,0,1,0,1
100000,17103,0,1,0,1,1,0,0,1,1,0
100000,17231,1,1,0,0,1,0,0,0,0,1
100000,17236,1,0,1,1,0,0,0,0,1,0
100000,17238,1,0,0,0,1,1,1,1,0,0
100000,17317,0,0,0,0,1,1,1,0,1,1
100000,17565,1,0,0,0,0,0,1,0,0,0
100000,17601,1,0,0,0,0,0,1,0,1,1
100000,17613,1,0,0,0,0,0,1,1,0,1
100000,17639,0,1,1,0,0,1,1,1,1,1
100000,17673,1,1,0,0,1,1,1,1,1,1
100000,17852,1,0,1,1,1,1,0,1,1,0
100000,17873,1,0,0,1,0,0,0,0,0,0
100000,17881,1,0,0,0,1,1,1,1,0,1
100000,17882,1,1,1,0,0,0,0,0,0,1
100000,17911,0,0,1,0,1,0,0,0,1,0
100000,17957,0,1,1,0,0,0,1,0,1,0
100000,17968,1,0,0,1,1,1,1,0,0,1
100000,17990,0,1,0,0,1,1,1,1,0,0
100000,18086,1,1,0,1,0,1,1,1,1,0
100000,18095,1,1,0,0,1,0,1,1,0,1
100000,18111,1,0,0,0,1,1,1,0,0,0
100000,18168,1,1,1,1,1,1,0,1,0,1
100000,18224,0,1,1,0,0,1,1,0,1,1
100000,18253,1,1,1,0,0,0,1,0,1,1
100000,18318,0,1,0,1,0,1,0,0,0,0
100000,18544,1,0,0,1,1,0,1,1,1,0
100000,18568,0,1,1,0,0,1,0,0,0,1
100000,18610,1,0,0,1,0,1,1,1,0,1
100000,18637,0,0,1,0,1,0,1,0,1,1
100000,18640,1,0,0,0,0,1,0,0,0,0
100000,18748,0,0,1,1,1,0,1,1,0,0
100000,18764,1,1,0,1,1,1,0,1,1,0
100000,18804,1,1,0,1,0,0,1,0,1,0
100000,18808,0,0,0,0,1,1,0,0,0,1
100000,18825,1,0,1,0,0,1,0,0,0,0
100000,18837,0,1,0,0,0,1,1,0,0,1
100000,19129,0,0,1,1,0,1,1,1,1,1
100000,19195,1,0,1,1,0,1,1,0,1,0
100000,19247,1,1,1,0,0,1,0,0,1,0
100000,19308,1,0,1,0,1,0,0,0,1,0
100000,19347,0,0,1,1,0,1,0,0,0,0
100000,19349,1,1,1,0,0,1,1,1,1,1
100000,19427,0,0,0,0,1,0,0,0,0,1
100000,19457,1,0,1,1,1,1,0,1,1,0
100000,19510,0,0,0,1,0,0,1,0,1,1
100000,19547,0,0,0,1,1,1,1,1,0,0
100000,19556,1,0,1,1,1,1,1,1,1,0
100000,19618,0,1,0,1,1,1,1,1,1,0
100000,19641,1,0,0,1,1,1,0,1,0,1
100000,19662,1,0,1,0,0,0,0,1,1,1
100000,19665,0,0,0,0,0,1,1,1,1,1
100000,19680,1,1,1,0,1,0,0,1,0,0
100000,19803,0,0,0,0,1,0,1,0,1,1
100000,19834,0,0,0,0,0,1,1,0,1,0
100000,19856,0,1,0,0,0,1,1,1,1,0
100000,19901,1,0,1,1,1,1,0,1,0,1
100000,19941,0,1,1,1,0,1,1,0,0,1
100000,19952,0,0,0,0,0,1,0,0,0,0
100000,19961,0,0,1,0,1,1,0,0,1,1
100000,20134,0,1,0,0,1,1,1,0,1,0
100000,20179,1,0,0,0,1,1,1,1,1,1
100000,20202,1,1,1,1,0,1,1,0,0,1
100000,20260,0,1,0,0,1,0,1,1,0,1
100000,20289,1,0,0,1,1,0,0,0,0,0
100000,20387,1,0,1,0,0,0,1,1,0,1
100000,20497,1,1,0,1,1,1,1,1,0,1
100000,20521,1,1,0,1,0,0,0,1,1,0
100000,20560,0,1,1,1,1,1,1,0,1,1
100000,20592,0,0,0,1,0,0,1,0,0,1
100000,20617,1,1,1,0,0,1,0,0,1,1
100000,20662,0,0,1,1,1,1,0,1,1,1
100000,20753,1,1,0,1,0,0,0,0,0,1
100000,20773,1,0,0,0,1,0,1,1,0,1
100000,20793,1,0,1,1,1,0,1,0,0,0
100000,20835,0,1,1,1,0,1,1,1,0,1
100000,20866,1,0,1,1,0,1,0,0,0,1
100000,21033,0,0,1,0,1,1,0,1,0,1
100000,21048,1,1,1,0,1,0,1,0,1,0
100000,21094,0,1,0,0,1,1,1,0,0,1
100000,21149,0,1,1,1,1,0,0,1,0,0
100000,21165,1,0,0,1,0,1,1,1,0,0
100000,21183,1,0,0,1,0,1,0,1,1,0
100000,21185,0,0,1,1,0,1,1,1,0,0
100000,21190,0,1,0,1,1,0,1,0,0,0
100000,21204,1,1,1,0,1,0,1,1,1,1
100000,21256,1,0,1,0,1,1,1,1,0,1
100000,21268,0,0,0,1,0,0,0,1,1,1
100000,21276,1,0,0,0,1,0,1,0,0,1
100000,21334,1,0,1,0,0,0,1,1,0,0
100000,21344,0,1,1,0,1,0,1,1,0,1
100000,21475,0,1,0,1,0,1,0,0,0,0
100000,21533,0,1,1,1,1,0,0,0,0,0
100000,21646,1,1,1,0,1,0,0,1,1,1
100000,21701,0,0,1,0,1,1,1,0,1,0
100000,21795,0,0,1,0,0,0,1,0,1,0
100000,21871,0,1,1,1,0,0,0,1,1,1
100000,21921,1,1,0,0,0,1,1,1,1,0
100000,21928,1,1,0,0,0,0,1,0,1,0
100000,21935,1,1,0,0,0,1,0,0,1,1
100000,22025,1,1,0,0,0,1,1,1,1,1
100000,22062,0,1,0,1,1,0,1,0,0,0
100000,22113,0,0,0,1,0,0,0,1,1,0
100000,22135,0,0,1,1,1,0,0,0,0,0
100000,22175,1,1,0,0,1,0,0,1,0,1
100000,22176,0,0,1,0,1,0,1,0,0,1
100000,22193,0,0,1,0,1,1,1,1,1,0
100000,22268,0,1,0,0,1,1,0,0,0,0
100000,22279,0,0,1,0,0,0,0,0,0,0
100000,22293,0,1,0,1,1,1,1,1,0,0
100000,22311,1,0,0,0,1,1,0,0,1,1
100000,22382,1,1,1,1,1,0,0,0,0,0
100000,22401,0,0,0,0,1,1,1,0,1,0
100000,22467,1,1,0,1,0,0,1,0,0,1
100000,22517,1,0,1,1,0,1,0,0,0,0
100000,22530,1,1,0,1,1,0,1,1,0,1
100000,22547,0,0,0,1,0,0,1,0,1,1
100000,22565,0,0,0,1,0,1,1,0,0,1
100000,22605,1,0,0,1,1,0,1,1,0,0
100000,22615,1,1,0,0,1,1,0,0,0,0
100000,22621,1,0,1,0,0,1,0,1,1,1
100000,22638,1,1,0,1,1,0,0,1,1,0
100000,22652,1,1,0,0,0,1,0,1,1,1
100000,22666,1,0,0,1,1,0,1,1,0,1
100000,22670,0,1,1,1,1,1,0,1,0,1
100000,22867,1,1,1,1,1,0,1,1,0,1
100000,22927,1,1,1,1,1,0,0,1,0,1
100000,22980,0,0,0,0,1,0,0,0,1,1
100000,23003,0,1,1,0,1,1,1,0,1,1
100000,23038,0,0,1,1,0,1,0,0,0,0
100000,23140,0,1,1,0,0,1,1,1,0,0
100000,23176,1,0,1,0,1,1,1,0,0,1
100000,23207,0,1,1,0,1,0,1,1,1,1
100000,23234,1,1,0,0,1,0,0,1,1,1
100000,23247,0,0,1,0,1,1,0,0,0,0
100000,23282,0,0,1,1,0,0,0,1,0,1
100000,23452,1,1,0,0,0,1,0,1,0,0
100000,23651,1,0,1,1,1,0,1,1,0,1
100000,23653,1,0,0,1,1,0,1,1,0,1
100000,23716,1,0,1,0,1,1,1,1,0,0
100000,23773,1,1,0,1,0,0,0,0,0,1
100000,23778,0,0,0,0,1,1,1,1,1,0
100000,23792,1,0,1,0,1,0,1,1,1,1
100000,23825,0,1,0,1,0,0,1,1,0,0
100000,23847,0,1,1,1,0,0,1,0,0,1
100000,23897,0,1,1,1,1,0,0,0,0,0
100000,23966,1,1,0,0,0,1,0,1,0,1
100000,23983,1,0,1,1,0,0,1,1,0,1
100000,24044,0,0,1,0,0,1,1,0,0,1
100000,24047,0,0,0,0,1,0,1,1,0,1
100000,24076,1,0,0,0,0,1,1,0,0,0
100000,24126,0,1,1,0,0,0,1,1,0,0
100000,24140,1,0,1,0,1,1,0,1,1,1
100000,24202,1,1,1,1,1,1,0,1,1,1
100000,24206,0,0,1,0,1,1,0,1,1,1
100000,24218,1,0,0,1,1,1,1,0,1,0
100000,24281,0,0,0,1,1,0,1,0,0,0
100000,24313,1,0,0,0,0,1,0,1,0,0
100000,24369,1,1,1,0,0,0,1,0,0,1
100000,24389,0,1,1,1,0,1,1,1,0,1
100000,24485,0,0,1,0,0,0,1,0,0,1
100000,24730,0,0,1,1,0,1,1,1,1,0
100000,24845,0,0,1,1,0,0,0,0,1,1
100000,24915,0,1,0,0,1,1,1,1,1,1
100000,24919,0,1,0,0,0,1,0,1,0,0
100000,24920,0,1,1,0,0,1,1,1,0,1
100000,24949,1,1,1,1,0,1,0,1,0,1
100000,24993,0,1,1,0,1,0,0,0,1,1
100000,25017,1,1,1,0,1,1,0,0,0,1
100000,25026,0,0,0,1,0,1,0,1,1,1
100000,25062,1,1,1,1,1,1,0,0,0,0
100000,25120,0,0,0,1,1,0,0,1,1,1
100000,25150,1,0,1,0,0,1,1,1,0,1
100000,25151,0,0,0,1,0,0,0,1,0,1
100000,25247,1,1,1,1,1,1,1,0,0,0
100000,25292,1,1,1,1,0,0,1,0,0,0
100000,25362,1,1,1,0,1,0,0,0,1,0
100000,25399,1,0,1,1,1,1,1,0,1,1
100000,25407,1,1,0,0,1,0,1,0,1,0
100000,25421,0,1,0,1,1,1,1,1,0,1
100000,25453,1,0,1,1,0,1,1,1,0,1
100000,25458,1,0,1,0,1,0,0,0,0,1
100000,25459,0,0,0,1,1,0,1,1,1,0
100000,25491,0,0,1,0,1,1,0,0,0,1
100000,25563,1,1,1,0,1,0,1,0,1,1
100000,25619,1,0,1,1,1,1,0,0,0,0
100000,25709,1,1,0,0,0,1,0,0,1,1
100000,25758,1,0,1,1,1,1,1,0,1,0
100000,25765,1,1,1,0,0,1,0,0,0,0
100000,25777,1,0,1,1,1,0,1,0,0,1
100000,25806,1,1,1,0,0,1,1,0,1,1
100000,25834,1,1,1,1,0,1,1,1,1,0
100000,25868,0,0,0,1,1,1,0,0,1,0
100000,25882,0,1,1,1,0,1,0,0,1,1
100000,25890,1,1,0,0,0,0,0,0,0,1
100000,25932,1,0,1,1,0,1,1,0,1,0
100000,25938,1,0,0,1,0,1,0,1,1,0
100000,25976,0,0,1,1,0,1,1,0,1,0
100000,26045,0,1,0,0,0,1,1,1,1,0
100000,26097,0,0,0,0,0,1,0,1,0,1
100000,26308,0,0,0,0,0,1,1,0,1,0
100000,26334,0,1,1,0,0,0,0,0,0,1
100000,26371,0,0,0,0,1,0,0,0,0,1
100000,26395,1,1,1,1,1,1,0,0,1,0
100000,26470,1,1,0,1,1,0,1,0,0,0
100000,26507,1,1,1,1,1,0,1,0,0,0
100000,26531,1,0,0,0,0,1,0,0,0,1
100000,26562,0,0,0,1,0,1,1,1,1,0
100000,26582,0,0,0,0,0,1,1,0,0,0
100000,26608,1,1,1,0,1,0,0,0,1,1
100000,26772,1,0,0,1,1,1,0,0,1,0
100000,26982,0,0,1,0,0,1,1,1,0,1
100000,27145,0,1,1,0,0,1,0,0,0,0
100000,27213,1,1,1,0,0,1,1,0,1,0
100000,27256,0,0,0,1,0,0,1,0,1,1
100000,27372,0,0,1,0,0,1,1,1,0,0
100000,27374,1,0,0,0,0,1,0,1,0,0
100000,27389,1,0,1,0,0,0,1,0,0,0
100000,27427,0,1,0,1,0,1,0,0,1,1
100000,27508,1,1,0,0,0,1,1,0,1,0
100000,27641,1,1,1,0,0,1,1,0,0,1
100000,27688,0,1,0,0,0,0,0,0,1,0
100000,27803,0,1,0,1,1,0,1,1,1,1
100000,27854,1,0,1,0,0,0,1,1,1,1
100000,27857,1,0,1,1,1,0,0,0,1,1
100000,28007,1,1,0,1,0,0,0,0,0,1
100000,28061,0,0,1,1,1,1,1,1,1,1
100000,28154,1,1,1,1,0,1,0,1,1,1
100000,28192,1,0,1,0,0,0,0,1,0,1
100000,28287,0,0,1,1,0,0,0,0,0,0
100000,28323,1,0,0,0,1,0,1,0,1,1
100000,28353,0,1,0,0,1,1,1,1,0,1
100000,28363,0,1,0,1,1,0,1,1,0,1
100000,28374,1,1,1,1,0,0,1,0,1,1
100000,28384,1,0,0,1,0,1,1,1,1,0
100000,28424,0,0,0,1,0,0,0,0,0,0
100000,28467,1,0,0,0,1,1,1,0,0,1
100000,28520,1,0,0,1,0,0,1,0,0,1
100000,28572,0,0,0,1,1,0,0,0,1,1
100000,28576,0,0,1,0,0,1,1,1,0,0
100000,28605,0,1,0,0,1,0,1,0,0,1
100000,28654,0,0,1,0,0,0,1,1,1,0
100000,28768,0,1,1,1,0,1,1,1,0,1
100000,28797,0,0,0,1,1,1,0,0,1,0
100000,28811,1,0,1,0,1,0,0,1,0,0
100000,28832,0,0,1,0,0,1,1,1,0,1
100000,28877,0,0,1,1,1,1,1,1,0,1
100000,28940,0,0,1,1,0,1,0,0,1,0
100000,28981,1,0,1,0,0,1,1,0,0,1
100000,29010,1,1,0,0,1,0,0,1,0,0
100000,29024,1,0,1,1,0,1,0,1,1,0
100000,29049,0,0,0,0,0,1,0,1,0,1
100000,29087,0,1,1,0,1,1,0,0,1,0
100000,29117,1,1,1,1,1,0,1,1,0,0
100000,29127,0,0,0,0,1,0,0,0,0,1
100000,29151,0,0,0,0,1,0,1,1,0,0
100000,29256,1,1,0,1,0,0,1,1,1,0
100000,29272,0,0,0,0,1,0,0,1,0,1
100000,29294,1,1,1,1,1,0,1,0,0,1
100000,29344,0,1,1,1,1,0,0,0,0,0
100000,29354,1,1,1,0,0,1,0,1,0,1
100000,29372,1,0,0,0,0,0,1,1,1,0
100000,29438,1,1,0,0,1,0,1,0,0,1
100000,29449,1,1,1,1,0,1,0,0,1,0
100000,29474,0,1,1,1,1,0,1,0,1,0
100000,29505,1,1,0,0,0,1,0,1,0,1
100000,29508,1,0,1,0,0,0,0,1,0,0
100000,29534,1,0,1,1,1,0,0,1,0,0
100000,29563,1,1,1,0,0,0,1,1,1,1
100000,29565,0,1,1,0,1,1,1,1,1,0
100000,29576,0,0,0,0,0,0,0,1,0,0
100000,29588,1,1,0,1,1,1,0,1,0,0
100000,29606,0,0,0,1,1,0,0,1,0,1
100000,29614,0,1,0,1,1,1,0,0,0,0
100000,29743,0,0,0,1,0,1,1,1,0,0
100000,29885,1,1,1,1,0,1,0,1,0,1
100000,29906,0,1,0,0,0,0,1,1,1,0
100000,29982,0,1,1,1,0,0,1,1,0,0
100000,30085,0,1,1,1,1,0,0,1,1,0
100000,30099,0,1,1,0,1,1,0,0,1,1
100000,30123,1,1,1,1,0,1,0,1,0,1
100000,30159,0,0,1,0,0,0,1,0,0,0
100000,30196,0,0,0,0,0,0,0,0,1,0
100000,30207,1,1,1,1,0,1,0,0,0,1
100000,30211,0,0,0,0,0,0,1,1,1,1
100000,30340,0,0,1,0,0,0,0,0,0,0
100000,30367,0,1,0,1,1,0,1,0,0,0
100000,30386,1,1,0,1,1,1,0,1,1,0
100000,30458,1,1,1,1,0,1,0,1,1,0
100000,30514,1,0,0,0,1,0,1,1,1,0
100000,30550,0,1,0,0,0,1,1,0,1,0
100000,30564,1,1,0,0,1,1,1,0,1,1
100000,30673,0,0,1,0,1,0,0,0,0,1
100000,30693,1,1,0,1,0,1,0,0,0,0
100000,30696,0,0,0,1,1,0,0,0,1,1
100000,30714,1,1,0,1,0,0,0,1,1,1
100000,30748,0,1,1,0,0,1,0,0,0,1
100000,30797,0,0,0,1,0,1,1,0,1,1
100000,30815,0,0,1,1,0,1,1,1,0,0
100000,30872,0,1,0,0,1,0,1,1,1,1
100000,30910,0,1,1,0,0,0,0,0,0,0
100000,30976,1,0,0,0,0,1,0,1,0,0
100000,30981,1,1,1,0,1,1,1,1,0,1
100000,30992,0,1,0,1,1,1,1,0,1,0
100000,31042,0,1,1,0,1,0,0,1,1,0
100000,31048,0,1,1,0,0,1,1,0,0,1
100000,31057,0,0,0,1,0,0,1,1,1,1
100000,31098,0,0,1,0,1,0,0,0,1,1
100000,31215,1,1,1,1,0,0,1,1,1,1
100000,31312,0,1,0,1,1,1,1,1,1,1
100000,31323,0,0,1,0,1,1,0,0,0,0
100000,31382,1,1,0,1,1,1,1,0,0,1
100000,31413,0,0,0,1,1,0,0,1,0,1
100000,31420,0,0,0,1,1,0,0,0,1,1
100000,31447,0,1,0,0,0,1,0,1,1,1
100000,31455,1,0,0,0,0,0,0,1,0,0
100000,31505,1,0,1,0,0,0,0,0,0,1
100000,31518,0,1,1,1,0,0,0,1,0,0
100000,31541,1,1,1,1,1,0,1,0,1,1
100000,31555,1,1,1,0,0,1,0,0,1,0
100000,31768,1,0,0,1,0,1,1,0,0,0
100000,31897,1,0,0,0,1,0,0,0,0,1
100000,32002,0,0,0,0,1,1,1,0,1,1
100000,32056,1,0,1,1,0,1,1,0,1,0
100000,32163,1,0,0,1,1,1,0,1,0,1
100000,32173,0,0,0,1,1,0,1,0,1,0
100000,32278,1,0,0,1,1,0,1,0,0,0
100000,32339,1,0,1,1,0,0,1,0,0,1
100000,32349,1,1,0,0,1,0,0,1,0,0
100000,32362,0,0,0,0,0,1,0,0,1,1
100000,32386,1,0,1,1,1,1,0,1,1,1
100000,32437,1,0,0,0,0,1,1,0,1,1
100000,32469,1,0,0,1,1,1,1,0,1,0
100000,32502,1,1,0,0,0,0,1,1,0,0
100000,32514,1,0,0,1,1,1,1,1,1,1
100000,32517,1,0,0,0,0,1,0,0,0,1
100000,32534,0,1,1,0,0,1,1,1,0,1
100000,32607,0,0,1,1,1,1,0,0,0,1
100000,32631,1,0,1,0,0,0,1,0,1,0
100000,32643,1,0,1,0,0,0,1,0,1,1
100000,32733,0,0,1,0,0,0,0,0,0,0
100000,32782,0,1,0,0,1,1,0,0,1,0
100000,32833,0,1,0,1,1,1,1,1,1,0
100000,32867,1,1,1,0,0,0,0,0,0,0
100000,32887,1,1,0,0,1,0,0,1,1,1
100000,32991,0,1,1,1,0,0,0,1,0,0
100000,33005,1,0,1,1,1,0,0,1,0,0
100000,33145,0,1,0,0,1,0,1,0,0,1
100000,33151,0,1,1,0,1,0,0,1,0,0
100000,33228,1,1,1,0,0,0,0,0,1,1
100000,33339,1,1,0,0,0,1,1,0,0,0
100000,33360,1,1,0,1,0,1,0,1,1,1
100000,33371,1,0,1,0,1,1,0,0,0,0
100000,33402,0,0,1,1,0,0,0,1,1,1
100000,33552,1,0,0,1,0,0,1,0,0,0
100000,33629,0,1,0,0,0,1,0,0,1,0
100000,33669,0,0,0,1,1,0,0,0,1,1
100000,33691,0,1,0,0,0,0,1,1,0,0
100000,33700,1,1,1,0,1,0,1,0,0,1
100000,33770,1,0,1,1,1,1,0,0,1,1
100000,33803,0,1,1,1,0,0,0,1,0,1
100000,33872,1,1,0,1,1,0,0,0,1,0
100000,33907,1,0,0,1,1,1,1,1,0,1
100000,34005,1,1,1,0,1,0,1,0,0,0
100000,34007,0,1,1,1,1,1,1,1,0,0
100000,34224,1,1,1,0,0,0,1,0,1,0
100000,34234,1,0,1,1,1,1,0,1,0,1
100000,34239,0,0,1,0,0,1,1,1,1,0
100000,34251,0,1,0,0,0,1,0,0,0,0
100000,34278,0,0,1,0,0,0,0,0,1,1
100000,34280,0,1,1,0,0,1,1,1,1,0
100000,34368,1,0,0,1,1,1,1,1,0,0
100000,34389,0,0,0,1,0,0,1,1,0,1
100000,34481,0,1,1,1,1,0,1,1,0,1
100000,34518,1,0,1,0,1,1,0,1,0,0
100000,34554,1,0,1,0,0,0,1,0,1,0
100000,34558,0,0,0,0,1,0,1,1,1,1
100000,34603,0,1,0,1,1,1,1,1,0,0
100000,34676,0,1,0,0,1,0,1,0,0,0
100000,34791,1,1,0,1,0,0,0,0,0,1
100000,34843,1,0,1,0,0,1,1,0,0,0
100000,34986,0,1,0,0,1,1,1,0,0,1
100000,35104,0,0,1,1,1,0,1,0,0,1
100000,35113,0,1,1,1,1,1,0,0,0,1
100000,35128,0,0,0,1,0,0,0,1,1,0
100000,35196,0,1,1,1,1,0,1,1,0,1
100000,35312,0,1,1,1,0,1,1,0,1,1
100000,35336,0,1,0,0,0,0,1,0,1,0
100000,35350,0,1,0,1,1,1,1,1,0,1
100000,35485,0,1,1,1,1,1,1,1,0,0
100000,35499,0,0,0,1,0,0,0,1,0,0
100000,35652,0,0,0,0,1,1,1,1,0,1
100000,35658,1,0,1,0,1,1,1,1,0,0
100000,35697,0,1,0,0,1,0,0,1,0,1
100000,35710,1,0,1,1,0,1,1,1,1,0
100000,35810,0,1,0,1,1,0,1,1,1,1
100000,35817,1,0,1,0,0,1,0,0,0,0
100000,35885,1,1,1,1,0,1,1,1,1,1
100000,35933,0,1,0,1,1,1,0,1,0,1
100000,35935,1,0,1,0,0,1,0,1,0,1
100000,36030,1,1,0,0,0,0,0,0,1,0
100000,36048,1,1,0,0,1,1,1,0,1,1
100000,36128,0,1,0,1,0,0,0,1,1,0
100000,36503,0,0,1,1,0,0,0,0,1,1
100000,36523,0,1,1,1,0,0,1,0,0,1
100000,36563,1,1,0,0,1,1,1,1,1,1
100000,36659,1,1,0,0,1,0,0,1,1,0
100000,36661,1,1,0,1,1,1,1,1,1,0
100000,36703,0,1,1,0,1,1,0,1,1,1
100000,36722,1,1,1,1,0,1,1,0,1,1
100000,36764,1,1,0,0,1,0,1,1,0,0
100000,36871,0,0,1,0,1,0,1,0,1,1
100000,36930,1,0,1,0,0,0,1,0,1,1
100000,37082,1,0,1,1,0,0,1,0,1,1
100000,37169,0,1,0,1,1,1,0,0,1,0
100000,37176,1,1,0,0,1,1,0,1,0,0
100000,37183,1,0,1,1,1,1,1,1,1,0
100000,37189,0,0,0,1,0,1,0,0,1,0
100000,37203,0,0,1,0,1,1,0,0,0,0
100000,37245,1,1,1,0,0,0,0,0,0,1
100000,37269,0,0,1,1,1,0,1,1,1,0
100000,37271,0,1,0,1,1,0,0,0,0,0
100000,37291,0,0,0,1,0,0,0,0,1,0
100000,37325,1,0,1,1,1,0,0,0,1,1
100000,37330,0,1,0,0,0,1,1,1,0,1
100000,37380,1,1,1,0,1,1,1,0,1,0
100000,37381,0,0,0,0,1,0,0,0,0,0
100000,37397,0,1,1,1,1,0,1,1,1,1
100000,37491,1,1,0,0,1,0,0,1,1,1
100000,37495,0,0,0,0,1,0,0,0,0,0
100000,37626,0,0,1,0,0,1,0,1,1,0
100000,37631,1,0,1,0,1,1,1,0,1,0
100000,37808,0,1,0,1,1,0,1,1,1,1
100000,37813,0,1,1,1,0,1,1,0,0,0
100000,37816,0,1,0,0,1,1,1,0,0,1
100000,37838,0,0,1,0,0,0,1,0,1,1
100000,37839,1,1,0,0,0,1,0,0,1,1
100000,37874,0,0,1,0,0,0,1,0,1,0
100000,37906,0,1,1,0,0,1,1,1,1,0
100000,37907,1,1,0,0,0,1,1,1,0,0
100000,38018,1,0,0,1,0,0,0,1,0,1
100000,38032,1,0,1,0,0,0,0,1,1,1
100000,38034,0,0,1,1,0,1,1,1,0,1
100000,38054,1,1,1,1,0,1,0,0,0,0
100000,38060,0,1,1,1,0,1,0,1,1,1
100000,38074,0,0,0,0,1,0,0,1,1,1
100000,38115,0,0,0,0,1,1,1,0,0,1
100000,38131,0,0,1,0,0,0,0,1,0,1
100000,38290,0,1,0,0,1,0,0,1,1,0
100000,38374,0,0,0,1,1,0,0,1,0,1
100000,38404,0,1,0,1,0,1,1,1,0,1
100000,38439,1,1,1,0,0,0,1,0,1,0
100000,38552,1,0,1,1,1,1,1,0,0,1
100000,38618,0,0,1,0,1,0,1,0,1,0
100000,38645,1,1,1,0,0,0,0,0,1,0
100000,38669,1,0,1,0,0,1,1,1,0,1
100000,38673,0,1,1,0,1,1,1,0,0,1
100000,38714,1,0,0,1,1,1,1,0,0,0
100000,38731,0,1,1,0,1,0,0,0,1,0
100000,38753,0,1,0,1,1,0,1,0,0,1
100000,38790,1,1,0,1,0,0,0,0,0,1
100000,38852,1,1,0,1,1,0,0,1,1,1
100000,38901,0,1,1,1,0,0,1,0,0,0
100000,38922,1,0,0,0,0,1,0,1,0,1
100000,38952,1,1,0,1,1,1,0,0,0,0
100000,38991,0,1,0,0,0,0,1,1,0,0
100000,39024,0,1,0,0,0,0,0,0,1,1
100000,39126,0,0,1,0,0,0,1,1,1,1
100000,39129,1,0,1,0,1,0,0,0,0,1
100000,39182,0,0,0,1,1,0,0,0,0,0
100000,39192,1,1,1,0,1,1,0,1,0,0
100000,39228,1,0,0,1,1,0,0,0,1,1
100000,39232,0,1,0,0,0,0,0,0,1,0
100000,39262,1,0,1,1,1,1,0,1,0,0
100000,39336,1,1,0,1,0,1,1,1,0,0
100000,39407,0,1,1,0,1,0,0,0,0,0
100000,39413,0,0,1,0,1,0,0,1,0,1
100000,39467,0,1,0,1,0,0,1,1,1,0
100000,39580,0,0,0,1,1,0,1,0,0,0
100000,39609,1,1,1,0,1,1,1,1,0,0
100000,39713,0,0,1,1,0,1,1,0,0,1
100000,39770,0,1,1,1,1,0,1,1,1,0
100000,39787,0,0,0,1,0,0,1,0,0,1
100000,39797,1,0,0,0,0,0,1,1,1,0
100000,39807,0,0,0,1,1,0,0,0,0,0
100000,39851,1,0,1,1,0,1,1,0,0,1
100000,39936,1,1,0,1,1,1,0,1,0,1
100000,39975,1,0,1,1,1,1,0,1,0,1
100000,40008,1,1,0,0,0,1,1,1,0,1
100000,40110,0,1,1,0,1,0,1,0,1,0
100000,40116,0,1,0,1,0,1,0,1,0,0
100000,40158,0,0,0,1,0,1,0,0,0,0
100000,40200,0,1,1,1,1,1,1,1,0,1
100000,40220,1,1,1,0,0,1,0,0,0,0
100000,40233,0,1,0,1,0,0,1,1,1,0
100000,40286,1,1,0,1,0,1,1,1,0,1
100000,40309,0,0,1,1,1,0,0,0,0,0
100000,40320,1,1,1,0,1,1,0,0,1,0
100000,40367,0,0,1,0,1,1,0,1,1,1
100000,40427,1,0,0,1,0,0,0,0,0,1
100000,40454,0,0,1,0,0,1,0,0,1,1
100000,40486,1,0,0,0,0,1,1,0,1,1
100000,40515,1,0,0,1,1,0,0,0,0,0
100000,40600,1,1,1,0,0,0,0,1,1,0
100000,40624,0,1,0,1,0,1,0,0,1,0
100000,40663,1,0,0,0,1,1,0,0,1,0
100000,40745,1,0,1,1,0,0,1,1,0,0
100000,40761,0,1,0,0,0,0,1,0,0,0
100000,40777,0,1,0,0,0,0,0,0,1,1
100000,40852,1,1,1,0,1,0,0,1,1,0
100000,40870,1,0,1,0,0,1,1,0,1,1
100000,40929,0,1,0,0,0,0,0,1,0,1
100000,41016,0,0,0,1,1,0,1,0,1,1
100000,41031,0,1,0,0,1,1,1,1,1,0
100000,41055,1,0,0,1,1,1,1,1,1,0
100000,41065,1,1,0,1,0,0,1,0,1,0
100000,41128,1,0,1,1,1,1,0,0,0,1
100000,41151,0,1,1,1,0,1,1,0,0,1
100000,41170,0,1,0,0,0,1,1,0,1,1
100000,41177,0,0,0,0,1,0,0,0,0,0
100000,41187,1,0,1,0,1,0,1,1,0,1
100000,41190,0,0,1,0,0,1,1,1,1,1
100000,41224,0,0,1,0,1,1,1,1,1,0
100000,41257,1,0,1,0,0,1,1,0,1,0
100000,41324,1,1,1,1,1,0,0,1,0,0
100000,41393,1,0,1,0,0,1,1,0,0,0
100000,41416,0,0,1,1,0,1,1,0,0,0
100000,41540,0,0,1,1,1,1,0,0,1,1
100000,41667,1,0,1,0,0,1,0,0,0,0
100000,41679,0,1,1,0,1,0,1,1,0,0
100000,41740,0,1,0,1,0,0,0,1,0,1
100000,41780,1,1,0,0,0,0,1,0,0,0
100000,41802,1,1,1,1,1,1,0,1,0,1
100000,41838,1,0,1,1,1,1,0,0,0,1
100000,41850,1,1,1,0,0,1,1,0,0,0
100000,41860,0,0,1,0,1,0,1,0,0,0
100000,41862,0,0,0,1,1,0,0,1,1,0
100000,41910,0,0,0,1,1,0,0,0,0,1
100000,41974,0,0,0,0,1,1,1,0,0,0
100000,41988,1,0,1,0,0,0,0,1,0,0
100000,41989,0,0,0,1,0,1,1,1,1,1
100000,42009,0,1,0,0,0,0,0,1,0,0
100000,42036,1,1,1,0,1,1,1,1,1,1
100000,42057,0,1,1,0,0,0,1,1,0,1
100000,42188,0,1,0,1,0,1,0,0,0,0
100000,42209,1,1,1,1,1,1,1,0,1,1
100000,42324,1,0,0,0,0,1,1,1,1,1
100000,42550,0,1,0,0,0,1,1,1,0,1
100000,42553,0,0,1,0,0,0,0,1,0,1
100000,42750,1,0,1,0,1,1,0,1,1,0
100000,42778,0,0,0,0,1,1,1,0,1,1
100000,42793,1,0,1,1,1,0,0,0,0,1
100000,42906,0,1,1,1,1,0,1,0,1,0
100000,42915,0,0,0,0,1,1,1,0,0,0
100000,42955,0,0,1,0,1,1,1,0,1,0
100000,42959,0,1,0,1,0,0,1,0,0,1
100000,43074,1,1,1,1,1,0,0,0,0,1
100000,43311,0,1,1,0,0,0,1,1,0,0
100000,43332,1,1,1,0,0,0,1,1,0,1
100000,43451,0,0,0,0,1,0,0,0,0,0
100000,43717,1,0,0,1,1,0,1,0,1,0
100000,43745,1,1,0,1,1,0,1,1,1,0
100000,43747,0,1,0,1,0,1,1,1,0,1
100000,43822,0,0,1,1,1,0,0,0,1,0
100000,43881,0,0,0,0,0,1,1,0,0,0
100000,43905,1,1,1,0,1,1,0,0,1,0
100000,43907,1,0,1,1,0,1,0,0,1,0
100000,43932,0,1,0,1,0,1,1,1,1,1
100000,43962,0,1,0,0,0,1,0,0,1,0
100000,44104,1,1,1,1,0,0,1,1,0,1
100000,44128,1,0,1,0,1,0,0,0,1,0
100000,44215,1,1,1,0,0,0,0,0,0,1
100000,44267,1,0,1,1,1,0,0,0,1,0
100000,44391,1,1,1,1,1,0,1,0,1,1
100000,44458,0,0,1,1,1,1,1,1,0,1
100000,44475,1,1,0,0,0,0,1,0,1,0
100000,44632,1,0,1,0,0,0,0,0,1,1
100000,44664,0,0,1,1,1,1,0,0,0,1
100000,44667,1,0,1,1,0,1,1,1,1,0
100000,44735,1,1,1,1,1,1,0,1,1,1
100000,44770,0,1,1,0,1,1,0,0,0,1
100000,44773,0,0,0,0,1,1,1,0,1,0
100000,44843,0,1,1,1,0,1,0,1,0,1
100000,44887,0,1,1,1,1,0,0,1,0,1
100000,44898,1,1,1,1,0,0,0,0,0,0
100000,45058,1,1,1,0,0,1,0,1,0,1
100000,45127,0,1,0,1,0,1,1,0,0,1
100000,45143,1,1,0,0,0,0,0,1,0,1
100000,45145,1,0,0,1,1,0,0,0,0,1
100000,45162,1,1,1,0,1,1,1,1,0,1
100000,45257,1,1,1,1,0,0,0,0,1,1
100000,45328,0,1,0,0,0,0,1,0,0,1
100000,45519,1,0,0,0,0,1,0,0,0,0
100000,45553,0,1,0,0,1,1,1,0,0,0
100000,45577,0,0,0,1,1,1,0,0,1,0
100000,45581,0,0,0,0,0,0,1,0,1,1
100000,45685,1,0,0,0,1,1,1,1,1,0
100000,45690,0,1,1,0,1,1,1,1,0,0
100000,45693,0,1,0,0,0,0,1,0,0,1
100000,45719,1,1,1,1,1,0,0,1,0,1
100000,45730,0,1,1,0,1,1,0,1,1,0
100000,45793,1,0,1,0,0,0,1,1,1,1
100000,45979,0,0,0,1,0,0,0,0,0,0
100000,45982,1,1,1,0,0,1,1,0,0,1
100000,46041,1,1,1,0,0,0,1,1,1,1
100000,46171,0,0,1,1,1,1,1,1,0,1
100000,46349,1,0,1,0,1,1,1,1,1,0
100000,46373,0,1,0,0,0,1,0,0,1,1
100000,46376,1,1,1,1,1,1,0,1,1,1
100000,46403,0,0,0,0,0,1,0,1,1,0
100000,46512,0,0,0,0,0,0,0,1,1,1
100000,46514,0,1,1,0,1,0,0,1,0,0
100000,46566,0,0,1,0,1,0,1,0,1,0
100000,46686,0,0,0,0,1,0,0,0,0,1
100000,46710,1,0,1,1,1,1,1,1,0,1
100000,46802,0,0,1,1,1,1,1,1,1,1
100000,46917,0,0,1,0,1,0,1,1,0,0
100000,46935,0,1,1,1,1,0,0,0,0,0
100000,46954,1,0,1,0,1,1,0,0,1,0
100000,46987,1,0,0,1,0,1,0,1,1,1
100000,46995,1,0,0,0,1,0,1,0,1,1
100000,47013,1,1,1,0,0,1,1,0,1,0
100000,47025,0,1,0,0,1,0,1,0,1,0
100000,47036,0,0,1,1,1,0,1,1,0,0
100000,47071,0,0,0,0,1,1,1,1,0,0
100000,47073,0,0,1,0,1,0,1,1,1,0
100000,47083,1,0,1,1,1,1,1,1,0,1
100000,47156,1,1,1,0,1,0,1,0,0,1
100000,47173,1,0,0,1,1,1,0,0,1,0
100000,47214,0,1,1,1,1,1,0,1,1,0
100000,47271,1,0,1,1,0,1,1,0,0,0
100000,47386,0,1,1,0,1,0,0,1,1,1
100000,47424,1,0,0,0,1,1,0,1,1,1
100000,47472,1,0,0,0,1,1,0,1,1,1
100000,47559,1,1,1,1,0,1,0,0,1,0
100000,47578,1,0,1,0,1,1,0,0,1,0
100000,47601,0,1,0,0,1,1,1,1,1,1
100000,47606,1,0,1,1,0,0,1,0,1,1
100000,47634,1,0,1,0,1,0,1,0,1,1
100000,47711,1,1,0,1,0,1,0,0,1,0
100000,47725,1,1,1,1,1,0,0,1,1,0
100000,47749,0,1,0,1,0,1,1,0,0,1
100000,47752,0,0,0,1,0,1,0,1,0,0
100000,47756,1,0,0,0,0,1,1,0,0,1
100000,47776,0,0,1,0,1,0,0,1,0,0
100000,47884,0,1,1,0,0,1,0,1,1,1
100000,48042,0,0,0,0,1,1,1,0,1,1
100000,48235,0,0,0,1,1,1,0,1,0,1
100000,48335,1,0,0,1,1,0,1,0,1,0
100000,48362,0,1,1,1,1,0,1,1,1,0
100000,48385,0,0,1,1,0,1,1,1,1,1
100000,48389,1,1,0,0,0,0,0,1,1,1
100000,48421,0,1,0,0,0,0,0,1,0,1
100000,48469,1,1,0,0,0,1,1,1,0,1
100000,48521,0,1,0,0,0,0,0,1,0,1
100000,48671,0,0,0,0,1,1,0,1,0,0
100000,48718,1,1,0,0,0,1,1,1,0,0
100000,48785,0,0,0,0,1,1,0,1,0,1
100000,48923,1,0,0,0,1,0,1,0,0,1
100000,48939,0,0,1,1,1,0,1,0,1,1
100000,48963,1,0,0,1,1,0,1,1,0,0
100000,49045,0,0,0,1,1,0,0,0,0,1
100000,49083,1,1,1,0,1,1,1,1,1,0
100000,49092,1,1,1,0,1,0,0,0,1,0
100000,49311,1,1,1,0,0,1,0,1,1,1
100000,49430,1,0,1,0,0,1,1,0,1,1
100000,49441,0,0,1,1,0,0,1,0,1,1
100000,49446,0,0,1,1,1,1,1,0,1,0
100000,49449,0,1,0,0,0,1,1,0,1,0
100000,49468,0,0,0,0,0,1,1,1,1,1
100000,49474,0,1,1,1,0,1,0,1,1,1
100000,49554,0,1,1,0,0,0,1,0,1,0
100000,49620,0,1,0,1,0,1,0,1,0,1
100000,49742,1,1,1,0,1,0,0,1,0,1
100000,49773,0,1,1,0,0,1,1,0,1,0
100000,49803,0,1,1,1,0,1,0,1,1,1
100000,49826,1,1,1,0,1,1,0,1,1,1
100000,49909,1,0,1,0,1,0,0,1,0,0
100000,49916,1,1,1,1,0,0,1,0,0,1
100000,49925,0,1,0,1,0,1,0,1,0,1
100000,49927,1,0,1,0,0,1,1,0,0,0
100000,49938,0,1,0,1,0,1,1,1,1,0
100000,49970,1,0,0,1,0,1,1,0,1,1
100000,49994,0,1,0,1,1,0,0,0,1,1
100000,50064,1,0,1,0,1,1,0,0,0,1
100000,50085,1,0,1,1,0,1,1,0,0,1
100000,50087,0,1,0,1,0,1,0,0,0,0
100000,50156,0,1,0,0,0,1,0,1,0,1
100000,50179,0,0,1,0,1,1,1,1,0,0
100000,50181,0,1,1,0,0,0,0,0,0,0
100000,50221,1,1,0,0,0,1,0,0,0,1
100000,50226,0,0,0,1,1,1,0,1,1,1
100000,50240,1,0,1,1,1,0,0,1,0,0
100000,50403,0,0,0,1,1,1,0,1,1,1
100000,50409,1,0,1,1,1,0,0,0,0,1
100000,50424,0,0,1,0,1,0,1,0,0,1
100000,50432,0,1,0,0,1,0,1,0,0,0
100000,50453,1,1,0,0,0,0,1,0,1,0
100000,50507,0,0,1,0,1,1,1,1,0,1
100000,50516,0,0,1,1,0,1,1,0,1,1
100000,50519,0,0,1,1,1,1,1,1,1,1
100000,50536,1,0,0,0,0,0,0,0,0,0
100000,50544,1,0,0,0,1,0,0,1,1,1
100000,50560,0,1,0,0,1,1,1,0,1,1
100000,50800,1,0,0,0,0,1,1,0,1,0
100000,50818,1,1,1,1,1,1,1,0,1,1
100000,50840,0,1,1,1,0,1,0,1,1,1
100000,50919,0,0,1,0,0,0,1,0,0,0
100000,50939,0,0,0,0,0,1,1,0,1,0
100000,50956,1,0,1,0,1,0,0,1,0,0
100000,50979,1,1,0,1,1,0,1,1,1,1
100000,51020,0,1,1,1,1,1,0,0,0,1
100000,51040,1,0,1,1,0,0,0,1,0,1
100000,51166,0,0,1,0,0,1,0,1,1,0
100000,51206,1,1,1,0,1,0,0,1,1,0
100000,51211,0,1,1,0,0,1,0,1,1,0
100000,51220,0,1,0,1,0,0,1,0,1,1
100000,51239,0,1,1,0,1,1,1,1,0,1
100000,51278,1,0,0,0,1,0,0,0,0,0
100000,51361,0,0,0,0,0,0,0,0,0,1
100000,51440,0,0,1,0,0,1,1,1,1,1
100000,51445,1,0,0,0,0,1,0,1,1,0
100000,51499,0,0,1,0,0,0,0,1,0,0
100000,51521,1,1,0,0,0,0,1,0,0,0
100000,51575,1,0,1,0,0,1,1,1,1,1
100000,51600,0,0,0,1,0,1,1,0,1,1
100000,51665,0,1,0,0,0,1,1,0,0,1
100000,51702,1,0,0,1,0,1,0,0,0,0
100000,51743,1,0,1,0,0,1,0,1,0,0
100000,51820,1,1,0,1,1,1,1,0,0,1
100000,51840,0,0,0,1,1,1,1,0,0,0
100000,51842,0,1,1,0,1,1,1,1,0,0
100000,51869,0,0,0,1,0,0,0,1,1,1
100000,51982,1,0,0,0,0,1,1,1,0,1
100000,52077,1,0,0,0,0,0,0,0,0,1
100000,52112,1,1,1,0,0,0,1,0,1,1
100000,52115,1,0,0,0,1,1,0,1,0,0
100000,52117,1,1,1,0,1,1,0,0,0,1
100000,52121,1,1,0,0,1,0,0,0,0,1
100000,52133,1,1,0,0,0,0,1,0,0,0
100000,52181,0,1,0,0,0,0,0,1,1,1
100000,52325,1,1,1,0,1,1,1,1,1,0
100000,52404,1,1,0,0,1,1,0,0,1,0
100000,52408,0,0,0,1,0,1,1,0,1,1
100000,52418,1,0,1,1,0,1,1,0,1,1
100000,52421,0,0,0,0,0,1,0,1,0,0
100000,52458,1,0,0,0,1,0,1,1,0,1
100000,52459,1,0,1,1,0,0,1,0,0,1
100000,52584,1,0,1,1,1,0,1,1,0,1
100000,52589,0,1,1,0,0,1,1,1,1,0
100000,52616,1,0,0,0,0,0,1,0,0,0
100000,52653,0,0,1,1,1,0,0,1,0,1
100000,52762,1,0,1,0,0,0,1,1,1,0
100000,52812,0,1,0,0,1,1,1,1,0,0
100000,52829,1,0,1,1,0,0,1,0,0,0
100000,52848,0,1,1,0,1,1,1,0,1,1
100000,52906,0,1,1,1,1,1,1,1,1,0
100000,52938,1,1,1,1,0,0,1,1,0,1
100000,53089,1,1,1,1,1,0,1,1,0,0
100000,53110,0,0,0,0,0,0,1,1,1,0
100000,53149,1,1,0,1,0,0,0,0,0,1
100000,53353,0,0,0,1,0,1,0,0,0,0
100000,53401,0,0,1,0,1,0,0,0,0,0
100000,53423,0,0,1,0,1,1,0,0,1,0
100000,53491,1,0,0,1,1,0,0,0,0,0
100000,53742,1,1,0,0,1,1,1,0,0,0
100000,53755,0,1,1,1,0,0,0,1,0,1
100000,53829,1,0,1,0,1,0,1,1,0,0
100000,53882,1,0,0,1,0,0,1,0,0,0
100000,53914,0,1,1,0,1,0,0,0,0,1
100000,54003,1,0,0,1,0,0,1,0,0,1
100000,54008,0,1,1,0,0,0,0,0,0,1
100000,54020,1,1,1,0,0,0,1,0,0,1
100000,54195,1,0,1,1,0,0,0,0,0,0
100000,54350,0,1,0,1,1,1,0,1,1,0
100000,54356,1,0,0,1,1,1,1,0,0,0
100000,54411,0,0,0,0,1,1,0,1,0,0
100000,54494,1,0,1,1,1,1,1,0,1,1
100000,54560,1,0,0,0,0,0,1,0,1,0
100000,54645,1,1,1,1,0,1,1,0,1,0
100000,54860,0,1,0,1,1,0,1,0,1,0
100000,54869,1,0,1,0,1,1,0,1,0,1
100000,54942,1,1,1,0,0,0,0,0,1,1
100000,55037,0,0,1,0,1,1,1,1,1,1
100000,55097,0,1,1,0,1,0,0,0,1,1
100000,55123,1,0,0,0,1,1,1,0,1,0
100000,55139,0,1,1,0,0,1,1,1,0,1
100000,55149,0,0,0,0,0,1,1,1,1,1
100000,55202,1,0,0,1,0,0,1,1,1,0
100000,55234,1,0,0,1,0,0,0,0,0,1
100000,55302,1,0,0,0,0,0,1,1,1,1
100000,55391,1,1,1,1,1,0,1,0,1,0
100000,55404,1,0,0,1,0,0,0,0,1,1
100000,55409,1,1,1,1,1,0,1,0,0,1
100000,55433,1,0,1,0,0,0,1,0,0,0
100000,55449,1,1,1,0,0,1,0,0,0,1
100000,55481,0,0,1,0,1,0,0,0,0,1
100000,55501,1,1,0,1,0,0,0,0,1,0
100000,55528,0,0,1,1,0,1,0,1,0,1
100000,55595,0,1,0,0,1,1,0,1,1,0
100000,55598,1,0,0,0,0,1,1,0,0,1
100000,55631,0,0,0,0,1,0,0,0,0,0
100000,55659,0,1,1,0,0,0,0,0,0,0
100000,55660,1,0,0,1,0,1,1,1,1,1
100000,55697,1,1,0,0,1,1,1,0,1,0
100000,55826,0,0,0,1,0,0,0,1,1,0
100000,55831,0,0,0,1,1,0,1,0,0,1
100000,55846,1,0,0,1,0,1,1,0,0,0
100000,55877,1,0,0,0,0,0,1,0,0,1
100000,55950,1,1,1,1,0,1,0,1,1,0
100000,56014,0,0,1,0,1,0,1,0,0,0
100000,56065,0,0,1,1,0,0,1,1,0,1
100000,56074,0,1,0,0,1,0,1,0,1,0
100000,56089,1,1,1,0,0,0,1,1,0,0
100000,56091,1,1,0,0,1,0,0,0,1,1
100000,56174,1,1,1,1,1,1,1,1,0,0
100000,56221,1,0,1,1,0,0,0,0,0,0
100000,56278,1,0,1,1,1,1,1,0,1,0
100000,56353,0,1,1,0,1,0,1,1,1,1
100000,56546,1,1,0,0,0,1,1,0,1,1
100000,56602,0,0,0,1,1,0,0,1,0,1
100000,56781,1,0,1,0,0,0,0,0,0,0
100000,56809,0,0,0,1,1,0,0,0,1,0
100000,56838,1,0,1,0,0,0,0,1,1,1
100000,56927,1,0,0,0,1,1,1,0,0,1
100000,56944,0,0,1,1,0,1,1,1,1,1
100000,56992,0,1,1,0,1,0,1,0,1,0
100000,57038,1,1,0,0,1,0,0,0,0,0
100000,57070,1,0,0,0,0,1,0,1,1,0
100000,57095,0,0,1,1,1,0,0,0,0,1
100000,57103,1,0,0,0,0,0,1,1,1,1
100000,57166,1,1,1,1,0,1,1,1,0,0
100000,57181,0,1,0,0,0,0,1,0,0,1
100000,57309,1,0,1,0,1,0,0,1,1,0
100000,57372,1,1,0,0,1,1,0,0,1,1
100000,57420,1,1,1,1,1,0,1,1,1,1
100000,57425,1,0,1,0,1,0,1,0,1,1
100000,57437,1,1,0,1,1,1,0,1,0,1
100000,57700,1,1,0,0,1,1,0,0,0,1
100000,57726,0,0,0,0,0,0,0,1,1,0
100000,57789,1,0,0,0,0,0,1,1,0,0
100000,57793,1,0,1,1,0,1,0,0,1,0
100000,57887,1,1,0,0,0,0,1,1,1,1
100000,58027,0,0,1,1,0,0,1,0,1,0
100000,58034,1,1,0,1,1,1,1,1,1,1
100000,58080,1,1,0,1,1,0,0,0,0,0
100000,58169,1,1,0,0,1,1,0,0,0,1
100000,58229,0,0,1,1,0,1,1,1,0,1
100000,58264,1,0,0,1,0,1,0,1,0,1
100000,58343,0,1,0,0,0,0,0,0,1,1
100000,58364,0,1,0,0,1,0,1,1,1,1
100000,58381,1,0,1,1,1,1,1,0,0,0
100000,58517,0,1,0,1,1,0,1,0,1,0
100000,58796,1,0,1,0,1,1,0,1,0,1
100000,59040,0,0,1,1,1,0,0,0,1,0
100000,59044,0,0,1,0,0,0,0,0,0,1
100000,59045,1,1,0,0,0,1,1,0,1,0
100000,59047,0,0,0,1,1,1,1,1,1,1
100000,59137,1,1,0,1,0,1,0,0,1,0
100000,59138,1,1,1,1,0,0,0,0,1,0
100000,59159,0,1,0,1,1,0,1,0,0,1
100000,59163,1,0,0,1,0,0,0,0,0,1
100000,59231,0,0,0,0,0,0,0,1,0,0
100000,59276,0,1,1,0,1,0,1,0,0,0
100000,59338,0,0,0,0,1,1,0,0,0,0
100000,59408,0,0,0,1,0,0,0,0,0,0
100000,59448,0,0,0,1,0,0,0,1,1,0
100000,59459,1,1,1,1,1,1,1,1,0,0
100000,59463,1,1,0,1,1,0,0,0,0,1
100000,59589,1,0,0,1,0,1,1,0,0,1
100000,59656,0,1,1,1,0,0,1,0,1,0
100000,59702,0,1,1,1,1,1,0,1,1,1
100000,59711,1,0,1,0,1,1,0,0,0,1
100000,59955,1,1,1,1,0,0,0,0,1,0
100000,59972,0,1,1,0,0,0,1,1,1,1
100000,60216,0,1,0,1,1,0,0,0,1,0
100000,60311,1,0,0,1,1,0,0,1,1,0
100000,60339,0,0,0,1,0,0,1,0,0,0
100000,60450,0,1,1,0,0,1,0,0,0,0
100000,60484,1,1,1,1,1,0,0,0,0,0
100000,60527,0,0,1,0,0,1,0,1,0,0
100000,60562,1,1,1,0,1,1,0,1,1,1
100000,60587,1,1,0,1,0,0,1,0,1,0
100000,60659,0,0,1,0,0,0,1,0,0,0
100000,60690,0,1,0,1,1,0,0,1,1,1
100000,60717,1,0,0,0,0,0,0,1,1,0
100000,60789,1,1,0,0,1,1,1,0,0,1
100000,60845,0,0,0,1,1,1,1,0,0,0
100000,60888,0,0,0,1,0,0,0,1,1,1
100000,60925,0,0,0,1,1,0,0,1,0,1
100000,60990,1,0,1,0,0,0,1,0,0,1
100000,61015,1,1,0,0,1,0,0,1,0,1
100000,61047,0,0,0,0,1,0,0,0,1,1
100000,61074,1,0,0,0,1,0,0,1,1,1
100000,61099,0,0,0,1,1,1,1,0,0,0
100000,61151,1,0,0,0,1,0,1,0,1,1
100000,61156,0,0,1,1,0,0,0,0,0,0
100000,61251,0,0,0,0,0,0,0,0,1,0
100000,61361,0,0,0,0,1,1,1,1,1,1
100000,61371,0,1,1,1,0,0,0,0,1,1
100000,61400,0,1,0,0,0,0,0,1,1,1
100000,61537,0,0,0,0,1,0,0,1,1,1
100000,61618,0,0,1,1,0,0,0,1,0,0
100000,61634,0,0,0,1,1,1,0,0,0,1
100000,61745,0,1,1,0,0,0,0,0,1,0
100000,61805,1,1,1,1,1,1,1,0,1,0
100000,61892,1,0,1,1,0,1,0,1,1,0
100000,61968,0,0,0,1,0,0,1,1,0,1
100000,62010,1,0,0,0,1,0,0,0,0,0
100000,62063,0,1,1,1,1,0,0,0,0,1
100000,62097,1,1,0,0,0,0,1,0,0,1
100000,62124,1,1,1,0,0,0,1,1,1,0
100000,62174,1,0,0,0,0,1,0,1,1,1
100000,62201,1,0,1,0,1,0,0,0,1,0
100000,62265,0,0,0,1,0,1,1,1,1,1
100000,62271,1,1,1,1,0,1,1,1,1,1
100000,62281,1,0,0,1,1,1,0,0,0,0
100000,62392,1,0,1,1,0,0,1,0,0,1
100000,62426,1,1,1,1,0,1,0,0,1,0
100000,62427,0,0,1,0,1,1,1,1,0,1
100000,62452,1,1,0,1,1,0,0,0,0,0
100000,62494,1,1,0,1,1,1,0,0,1,0
100000,62582,0,0,0,0,0,1,0,0,0,0
100000,62673,0,0,1,0,0,1,0,1,0,1
100000,62695,0,1,0,1,0,0,1,1,0,0
100000,62707,0,1,0,0,1,1,1,1,0,1
100000,62716,0,1,0,1,0,1,1,1,0,1
100000,62753,1,0,0,1,0,0,1,1,1,1
100000,62899,0,0,1,1,1,0,1,0,1,1
100000,62902,0,0,0,1,0,0,1,0,1,1
100000,62970,0,0,0,0,1,1,1,0,1,1
100000,62986,1,1,0,1,0,1,1,1,1,0
100000,63086,0,1,1,1,1,1,0,1,1,1
100000,63120,0,0,1,0,1,1,1,1,0,0
100000,63232,1,0,1,0,0,0,1,1,1,0
100000,63250,1,1,1,0,1,0,1,1,1,0
100000,63298,0,1,1,1,1,0,1,0,0,0
100000,63456,0,1,1,0,1,0,0,1,0,0
100000,63550,0,1,1,0,1,1,1,0,1,1
100000,63588,0,0,0,1,0,0,1,0,0,1
100000,63652,0,1,1,1,0,0,1,1,0,0
100000,63674,0,1,0,0,1,0,1,0,0,0
100000,63699,1,1,1,1,1,1,0,0,1,1
100000,63786,1,0,0,1,0,1,1,0,0,0
100000,63834,0,1,0,0,0,1,1,1,1,1
100000,63846,1,1,0,1,1,1,0,1,0,1
100000,63849,0,0,1,0,0,0,1,1,1,1
100000,63934,1,1,0,1,0,0,1,1,0,0
100000,64037,1,1,1,1,1,1,0,1,1,1
100000,64099,1,1,0,0,1,0,0,0,0,0
100000,64111,0,0,0,0,0,1,0,0,1,1
100000,64132,1,0,0,0,1,1,1,0,0,0
100000,64158,0,0,1,1,0,0,0,0,1,1
100000,64277,1,1,0,1,1,0,0,1,1,0
100000,64383,1,0,0,0,0,1,1,1,0,0
100000,64397,1,1,1,1,0,1,1,0,1,1
100000,64407,0,1,0,1,0,0,0,0,1,1
100000,64455,0,0,0,0,0,1,1,1,0,1
100000,64463,1,1,1,0,0,0,1,0,1,1
100000,64475,0,1,1,0,1,1,0,1,0,0
100000,64530,1,0,1,0,1,1,0,0,0,0
100000,64539,1,0,0,0,1,1,1,1,0,1
100000,64586,0,1,0,1,0,0,1,1,0,1
100000,64647,1,0,0,0,0,1,0,0,1,1
100000,64657,0,1,0,1,0,1,0,1,0,0
100000,64715,0,1,0,1,1,1,1,1,1,1
100000,64775,0,1,1,1,0,0,0,1,0,1
100000,64825,0,1,1,0,1,0,0,1,1,0
100000,64909,0,0,0,0,0,1,1,0,0,0
100000,64922,1,1,1,1,1,0,1,0,1,1
100000,64939,1,0,0,0,1,1,1,1,0,0
100000,64942,1,1,0,1,1,0,0,1,1,1
100000,65058,0,0,1,0,0,0,1,1,1,1
100000,65068,0,0,0,1,1,1,1,0,0,1
100000,65182,0,0,0,0,0,1,0,1,0,0
100000,65194,0,0,1,0,0,1,0,0,0,0
100000,65208,1,1,1,1,1,1,1,1,0,1
100000,65209,1,1,0,1,0,0,0,0,0,0
100000,65229,1,1,1,0,1,1,1,0,1,1
100000,65258,1,0,1,0,1,0,0,1,0,0
100000,65276,1,0,0,0,0,0,0,0,0,1
100000,65312,1,1,0,1,1,0,0,1,1,0
100000,65336,1,1,0,1,0,1,1,1,0,0
100000,65455,0,1,0,1,1,1,0,1,0,0
100000,65500,0,1,1,1,1,0,1,1,0,0
100000,65556,0,1,0,1,1,0,1,1,1,0
100000,65586,1,0,0,0,0,1,0,1,0,1
100000,65664,0,0,0,0,0,0,0,0,1,1
100000,65732,1,1,0,0,1,1,0,0,1,0
100000,65738,0,1,1,0,1,1,1,1,0,1
100000,65791,1,1,0,1,1,1,0,0,1,0
100000,66045,1,0,0,1,1,0,0,0,1,0
100000,66072,0,0,1,0,0,1,0,0,1,1
100000,66077,0,1,0,1,0,1,1,1,0,1
100000,66127,0,0,1,1,1,1,0,0,1,1
100000,66130,1,1,0,1,0,0,1,1,1,0
100000,66200,0,1,1,0,1,0,1,1,1,1
100000,66233,0,1,1,1,0,0,0,0,0,0
100000,66378,0,0,1,1,1,0,0,0,0,1
100000,66440,0,0,1,0,0,1,1,1,0,1
100000,66454,1,1,0,0,0,0,1,0,1,1
100000,66460,1,1,0,1,1,0,1,1,0,1
100000,66491,1,0,1,1,0,0,1,1,0,0
100000,66621,0,1,0,1,1,0,1,1,1,0
100000,66629,1,1,1,0,0,0,1,1,0,1
100000,66726,1,1,0,1,0,0,0,1,0,1
100000,66746,0,1,1,0,0,0,0,1,0,0
100000,66795,0,0,0,1,0,1,0,0,1,1
100000,66858,0,1,1,0,1,0,0,0,0,0
100000,66892,1,0,0,0,1,1,1,1,0,0
100000,66907,0,1,1,1,1,0,1,1,1,1
100000,66909,0,1,1,1,0,1,1,0,0,0
100000,66968,0,0,0,0,1,1,1,0,0,1
100000,66987,1,0,1,0,0,0,1,1,1,1
100000,67099,0,0,1,1,1,1,1,1,1,0
100000,67145,1,1,0,0,1,1,0,0,1,1
100000,67150,1,0,0,1,1,1,0,1,0,1
100000,67170,1,0,1,1,1,1,0,1,0,0
100000,67264,0,0,0,1,0,0,1,1,0,0
100000,67282,1,0,0,0,1,1,1,0,0,0
100000,67289,1,1,1,1,0,0,0,1,1,1
100000,67307,1,1,0,1,0,0,1,1,1,1
100000,67315,1,0,0,1,0,1,0,0,1,1
100000,67342,0,0,1,0,0,0,1,0,0,1
100000,67446,1,0,1,1,0,1,0,0,1,1
100000,67479,1,1,0,0,0,0,0,1,1,0
100000,67485,0,1,1,0,1,1,0,0,0,0
100000,67510,0,1,1,0,0,0,1,1,0,0
100000,67541,0,1,1,1,0,1,0,0,0,0
100000,67586,0,1,1,0,0,1,1,1,1,0
100000,67800,0,1,0,0,0,1,0,1,0,0
100000,67854,1,0,1,0,0,1,1,1,0,0
100000,67859,0,0,0,1,0,1,0,0,0,0
100000,67942,1,1,0,1,1,0,0,1,0,1
100000,68002,0,0,1,0,1,1,1,1,0,0
100000,68106,1,1,0,1,0,1,0,0,1,1
100000,68544,0,1,0,1,0,0,0,0,0,0
100000,68590,1,0,0,0,0,1,1,0,0,0
100000,68611,1,0,1,0,1,1,1,0,0,0
100000,68640,1,1,1,1,0,1,1,0,0,1
100000,68723,0,0,0,1,1,0,0,0,1,0
100000,68756,0,1,1,0,0,1,1,0,1,1
100000,68776,1,0,1,1,1,0,1,1,1,0
100000,68873,1,0,0,1,0,0,0,0,0,0
100000,68884,1,1,0,1,0,0,1,0,1,0
100000,68932,1,1,0,1,0,0,1,1,1,1
100000,68970,1,1,1,0,1,0,0,0,1,0
100000,69190,1,1,0,1,1,1,0,0,1,0
100000,69287,0,1,0,1,0,0,1,0,0,0
100000,69294,1,1,0,0,0,1,1,0,1,0
100000,69468,1,1,1,1,0,0,1,0,1,0
100000,69516,1,0,0,0,0,0,0,1,0,1
100000,69561,1,1,0,0,0,0,1,0,0,1
100000,69568,1,1,1,0,1,1,1,0,0,0
100000,69641,1,0,1,0,1,0,0,0,0,0
100000,69681,1,1,0,0,1,1,1,0,0,0
100000,69691,0,0,0,0,1,1,1,0,1,0
100000,69709,0,0,0,0,0,1,0,0,1,0
100000,69736,1,0,1,0,0,0,0,1,1,1
100000,69814,1,1,0,0,1,0,1,0,0,0
100000,69842,0,0,0,0,1,1,0,0,0,1
100000,69861,1,0,0,0,1,0,1,1,1,0
100000,69907,0,0,1,1,1,1,0,1,1,0
100000,69951,0,1,0,1,1,1,0,1,0,0
100000,69965,1,0,1,0,0,1,1,1,1,0
100000,69985,1,1,1,0,1,0,1,1,1,0
100000,70029,1,0,0,1,1,0,0,0,1,0
100000,70141,0,1,0,0,1,1,1,1,0,1
100000,70149,0,0,0,1,1,1,0,1,1,1
100000,70153,0,1,1,1,1,0,1,0,0,1
100000,70206,0,1,0,1,0,1,0,0,0,1
100000,70290,0,1,1,0,1,1,0,0,0,1
100000,70303,0,0,1,1,0,1,0,0,1,1
100000,70380,1,0,0,1,1,0,1,0,0,1
100000,70448,0,0,1,1,0,0,1,0,1,0
100000,70495,0,0,0,1,1,0,1,1,0,0
100000,70536,0,0,1,1,1,1,0,0,0,0
100000,70605,1,1,1,1,0,1,1,1,1,0
100000,70701,0,0,0,1,1,0,0,0,0,1
100000,70734,1,0,1,1,1,1,1,1,0,1
100000,70869,0,0,1,1,0,1,0,0,1,0
100000,70959,1,0,1,0,1,0,0,1,1,1
100000,71022,1,1,1,1,1,1,0,1,1,1
100000,71078,1,1,0,0,1,1,0,0,1,0
100000,71080,0,0,0,1,1,0,0,0,1,0
100000,71128,1,1,0,0,0,1,0,1,1,1
100000,71135,0,0,1,0,0,1,0,1,0,0
100000,71136,0,0,1,0,1,0,1,0,0,0
100000,71186,1,0,1,1,0,1,1,0,0,1
100000,71264,1,1,1,1,1,1,1,1,0,1
100000,71286,1,1,1,1,0,1,0,1,1,1
100000,71293,0,1,0,1,1,1,1,1,1,1
100000,71325,1,1,0,1,1,1,0,0,0,1
100000,71347,0,1,1,1,0,0,0,1,0,1
100000,71402,0,0,1,1,0,1,0,0,1,1
100000,71438,0,1,0,1,0,1,1,1,1,0
100000,71545,1,1,0,0,0,1,0,0,0,1
100000,71658,1,1,1,0,0,0,0,1,0,1
100000,71667,0,0,1,1,0,1,1,0,1,1
100000,71700,1,1,0,0,1,0,1,1,0,1
100000,71782,0,1,0,0,1,0,0,1,0,0
100000,71795,0,0,0,0,0,1,1,0,0,1
100000,71925,1,1,1,0,0,1,1,1,1,1
100000,72097,0,1,0,0,1,1,1,1,1,1
100000,72174,0,1,1,0,0,1,1,1,1,0
100000,72206,0,1,1,1,1,0,1,0,0,0
100000,72236,1,0,0,0,0,1,1,0,0,1
100000,72238,0,1,0,1,0,0,0,0,0,0
100000,72252,0,1,0,0,0,0,0,0,1,1
100000,72426,0,1,1,1,0,0,0,0,0,0
100000,72539,0,1,1,0,0,0,0,0,0,0
100000,72571,1,1,0,0,1,1,0,0,0,0
100000,72577,1,0,1,0,0,1,0,1,0,0
100000,72624,1,0,1,1,0,1,1,1,0,0
100000,72685,1,1,0,1,0,1,1,0,0,1
100000,72695,1,0,1,0,1,0,0,1,0,1
100000,72731,1,0,0,0,0,1,0,0,1,0
100000,72755,0,1,1,1,1,1,1,0,1,0
100000,72787,0,0,0,0,1,1,0,1,0,1
100000,72796,0,0,1,0,0,0,0,1,1,0
100000,72863,1,0,1,0,0,1,1,1,0,0
100000,72950,0,1,1,1,1,1,1,0,0,0
100000,72977,0,1,0,0,1,0,0,0,1,1
100000,73054,0,0,0,1,0,0,0,1,0,0
100000,73067,1,0,1,0,1,1,1,1,0,0
100000,73115,0,1,0,1,1,0,1,0,0,1
100000,73247,0,0,0,0,1,0,0,1,0,1
100000,73282,0,0,1,0,0,0,0,0,1,1
100000,73346,0,1,1,1,1,0,1,1,1,0
100000,73352,1,0,1,1,1,1,0,1,0,1
100000,73372,0,0,1,0,0,0,1,1,0,1
100000,73424,1,0,1,1,1,1,0,1,0,0
100000,73464,1,0,0,0,0,1,0,1,0,1
100000,73578,0,0,0,1,1,0,0,0,1,0
100000,73670,0,0,1,0,0,0,1,1,1,1
100000,73747,1,1,0,1,1,0,1,0,0,1
100000,73757,0,1,1,0,1,0,0,0,1,0
100000,73775,0,0,0,1,1,1,1,0,0,1
100000,73919,0,0,1,0,0,0,1,1,0,0
100000,73975,1,1,0,0,0,0,0,0,0,0
100000,73988,1,1,1,1,1,0,1,1,1,1
100000,74023,0,1,0,1,0,1,0,0,0,1
100000,74038,0,0,0,0,1,1,0,0,1,1
100000,74126,0,0,0,0,1,0,1,0,1,0
100000,74154,1,1,0,1,1,0,0,1,1,0
100000,74200,1,1,0,0,1,0,0,0,0,0
100000,74335,0,1,0,1,0,1,1,1,0,0
100000,74679,0,0,1,1,1,1,0,1,0,1
100000,74695,0,1,1,1,0,1,0,0,0,0
100000,74713,0,1,1,0,0,0,0,1,0,1
100000,74734,0,1,1,0,0,1,1,1,1,0
100000,74764,1,1,1,1,1,0,1,0,0,0
100000,74893,0,1,1,1,0,0,1,1,0,1
100000,74897,1,0,0,1,0,1,0,0,1,0
100000,74954,0,0,0,0,1,0,0,0,0,0
100000,75169,0,1,0,0,0,1,0,1,0,1
100000,75189,0,0,1,0,1,1,1,1,1,1
100000,75245,0,0,0,1,0,0,0,0,1,1
100000,75320,0,0,0,1,0,0,1,0,1,1
100000,75338,1,1,1,1,0,0,0,0,1,1
100000,75381,0,1,1,1,1,0,1,1,1,0
100000,75432,1,0,0,1,1,0,1,1,0,0
100000,75561,0,0,0,0,1,1,0,0,0,0
100000,75595,1,0,1,0,0,1,1,0,1,0
100000,75599,0,1,1,0,1,0,1,1,1,0
100000,75655,1,0,0,1,0,1,1,0,0,0
100000,75715,0,1,0,0,1,0,1,1,0,1
100000,75760,1,1,0,0,0,0,0,1,0,1
100000,75770,0,1,0,0,1,1,0,1,1,1
100000,75782,0,1,0,0,1,0,0,1,0,1
100000,75786,0,0,1,0,0,1,1,1,0,0
100000,75795,1,0,1,0,0,1,0,1,0,0
100000,75872,0,0,0,1,0,0,1,1,1,0
100000,75883,0,1,1,1,1,1,0,1,0,1
100000,75887,1,1,1,1,0,1,0,0,0,1
100000,75978,1,0,1,0,0,1,0,0,1,1
100000,75991,0,1,1,1,0,1,0,0,0,0
100000,76103,0,1,1,0,1,0,0,1,1,0
100000,76160,0,0,0,0,1,0,1,1,0,1
100000,76170,1,1,1,0,0,0,1,1,0,0
100000,76203,1,0,1,0,1,0,1,0,1,1
100000,76243,1,1,1,1,1,1,0,1,0,1
100000,76269,0,0,0,0,1,1,0,1,1,1
100000,76278,0,0,1,1,0,1,0,1,1,0
100000,76282,1,0,0,1,1,1,0,1,1,0
100000,76292,0,0,0,1,0,0,1,1,0,1
100000,76395,0,0,0,0,0,0,1,1,1,1
100000,76398,0,1,0,0,1,0,0,0,1,1
100000,76503,0,1,1,0,1,0,0,1,1,0
100000,76525,1,0,0,0,1,0,0,0,1,1
100000,76560,1,1,0,1,0,1,0,0,1,0
100000,76633,1,1,0,0,1,1,0,0,0,0
100000,76674,0,0,1,0,0,1,1,0,1,0
100000,76692,0,0,0,0,1,1,0,0,0,1
100000,76705,1,0,1,0,1,0,1,1,0,1
100000,76817,0,1,0,1,1,0,0,0,1,0
100000,76836,1,1,0,1,1,0,0,1,1,0
100000,76884,1,1,1,1,0,1,0,1,0,0
100000,76911,0,0,1,0,1,1,0,0,1,1
100000,76930,1,0,1,0,0,1,1,0,1,1
100000,76931,1,1,0,0,0,1,0,0,1,0
100000,76932,0,0,0,0,0,0,0,0,1,0
100000,76965,0,1,1,1,1,0,0,1,0,0
100000,76969,1,0,0,0,0,0,1,0,0,1
100000,77030,1,0,0,0,0,1,0,0,0,0
100000,77038,1,1,1,1,1,1,0,1,1,1
100000,77081,0,1,1,1,1,1,0,0,1,1
100000,77115,1,0,0,0,1,1,0,0,1,1
100000,77204,1,1,1,1,0,1,0,0,0,0
100000,77318,1,0,0,0,0,0,0,0,0,1
100000,77364,1,0,0,1,1,1,1,0,1,1
100000,77399,0,1,0,0,0,1,1,1,1,1
100000,77401,0,1,0,0,0,0,1,1,0,0
100000,77423,0,1,1,0,1,0,0,0,1,1
100000,77476,0,0,1,1,0,1,0,0,0,0
100000,77535,0,1,0,0,1,0,0,0,0,0
100000,77610,1,0,0,0,1,0,0,1,1,0
100000,77645,0,0,0,1,1,0,0,0,0,1
100000,77757,1,1,0,0,1,1,1,0,0,1
100000,77841,1,1,0,0,0,1,1,1,1,1
100000,77901,0,1,1,0,1,0,1,1,0,1
100000,78006,1,1,0,1,1,0,0,0,1,1
100000,78021,1,1,0,1,1,1,0,0,0,0
100000,78064,0,1,0,0,0,0,0,1,0,0
100000,78100,0,1,1,1,1,0,1,0,1,1
100000,78118,1,0,0,0,1,1,0,1,0,0
100000,78125,0,0,1,0,1,1,0,1,0,0
100000,78247,1,0,1,1,1,0,0,0,1,0
100000,78325,1,1,1,1,0,0,0,1,1,0
100000,78432,0,0,1,0,0,0,1,0,0,1
100000,78436,1,0,0,0,0,0,0,1,0,0
100000,78447,1,1,1,1,0,0,1,0,1,1
100000,78499,0,1,0,0,0,1,1,0,1,0
100000,78558,1,1,1,1,0,0,1,1,0,0
100000,78672,0,1,0,1,1,1,1,0,0,1
100000,78763,0,1,1,1,0,0,0,1,1,0
100000,78807,0,1,0,0,1,1,0,0,0,1
100000,78893,1,0,1,1,0,0,1,1,1,1
100000,78956,1,1,0,1,0,1,0,0,0,1
100000,79127,1,1,1,1,0,0,1,1,0,1
100000,79142,0,0,0,1,0,0,0,1,1,0
100000,79182,0,0,1,0,0,1,0,0,1,1
100000,79293,1,1,0,1,1,0,0,1,0,0
100000,79353,0,0,1,0,0,0,1,0,1,1
100000,79369,1,1,0,0,1,0,0,1,1,0
100000,79527,0,0,1,0,0,1,0,0,0,0
100000,79533,0,0,0,0,0,0,0,0,0,1
100000,79576,0,0,0,0,0,1,0,0,1,1
100000,79602,0,0,1,1,1,1,0,1,0,0
100000,79659,0,0,1,1,0,1,0,0,1,0
100000,79692,1,0,0,1,1,1,0,1,1,1
100000,79693,0,1,1,0,1,1,1,1,1,1
100000,79710,1,0,1,1,0,0,1,1,1,1
100000,79910,0,1,1,1,1,0,0,1,1,1
100000,80003,0,0,0,0,1,0,1,1,1,0
100000,80095,1,1,1,1,1,0,1,1,0,0
100000,80177,0,0,0,1,1,0,0,0,0,0
100000,80193,0,0,0,1,1,0,0,1,0,1
100000,80247,0,1,0,0,0,1,0,1,0,1
100000,80295,1,1,1,0,1,1,0,0,0,0
100000,80334,1,0,0,0,0,0,0,0,0,1
100000,80488,0,1,1,1,0,0,0,0,1,0
100000,80512,0,0,1,0,1,0,1,0,1,0
100000,80550,0,1,0,1,0,0,1,0,1,1
100000,80647,0,1,1,0,0,1,0,1,1,0
100000,80655,1,1,1,1,1,1,1,0,1,0
100000,80755,1,0,0,1,1,1,1,0,1,0
100000,80792,1,0,1,1,1,1,1,0,1,1
100000,80807,0,0,1,1,1,0,0,1,0,1
100000,80833,1,0,1,0,0,0,1,1,1,1
100000,80895,1,0,0,1,1,0,1,0,0,1
100000,80926,1,1,0,0,1,0,0,0,1,0
100000,80942,1,0,0,0,1,1,1,1,0,0
100000,81030,0,0,1,0,1,0,0,1,0,1
100000,81098,1,0,0,1,0,0,0,0,0,0
100000,81141,1,1,1,1,0,1,1,0,0,1
100000,81156,0,1,1,1,0,1,1,1,1,0
100000,81174,0,0,1,1,1,0,1,1,0,0
100000,81179,0,1,1,0,0,0,1,0,0,0
100000,81193,0,0,0,0,1,1,1,1,0,1
100000,81314,1,1,0,1,1,1,0,1,1,0
100000,81529,0,0,0,0,1,0,0,0,0,1
100000,81599,0,0,1,0,1,1,1,1,0,0
100000,81618,0,0,1,1,1,1,1,1,1,0
100000,81647,1,0,1,0,0,0,0,1,1,1
100000,81652,1,1,1,1,1,1,1,1,1,1
100000,81693,1,1,0,0,0,0,1,1,0,0
100000,81797,1,0,0,1,0,1,0,1,0,0
100000,81839,1,1,1,1,1,0,0,0,0,0
100000,81848,1,1,0,1,0,0,1,1,1,1
100000,81900,0,0,1,0,0,1,0,0,0,1
100000,81902,0,1,1,1,1,0,0,0,0,0
100000,82013,0,1,1,1,1,0,0,0,1,1
100000,82084,0,1,1,0,0,0,1,0,1,0
100000,82109,1,1,0,1,1,0,1,0,1,1
100000,82206,0,1,1,0,0,1,1,1,1,1
100000,82243,0,1,1,1,1,0,1,1,1,1
100000,82262,1,0,1,0,1,0,1,0,1,0
100000,82314,0,1,0,0,1,0,0,1,0,1
100000,82334,1,0,0,0,1,0,1,1,1,1
100000,82359,1,1,1,1,1,1,1,0,0,0
100000,82368,1,0,0,1,0,0,1,1,1,1
100000,82470,0,1,0,1,1,0,0,0,0,0
100000,82553,1,0,1,1,0,1,1,1,0,0
100000,82601,1,1,0,0,1,0,0,1,0,1
100000,82717,1,0,0,0,1,0,0,0,0,1
100000,82795,0,0,0,1,1,0,1,1,1,1
100000,82880,0,1,1,0,1,0,0,0,0,1
100000,82983,1,1,0,1,0,0,1,1,1,1
100000,82992,0,1,0,0,0,1,1,1,1,1
100000,82995,1,1,1,0,1,0,1,0,0,0
100000,83052,0,1,1,0,0,1,0,1,1,1
100000,83055,0,0,0,1,1,0,0,0,0,0
100000,83064,1,1,1,1,1,0,0,0,1,1
100000,83078,1,0,0,0,0,1,0,1,0,0
100000,83107,0,0,0,0,0,0,0,0,0,0
100000,83112,1,0,1,1,1,1,0,0,0,1
100000,83150,1,1,0,1,1,0,1,1,1,0
100000,83263,0,0,1,0,1,0,1,1,0,1
100000,83523,1,1,1,0,1,1,1,0,1,0
100000,83534,0,1,0,1,1,1,1,0,1,1
100000,83570,0,1,0,1,1,1,0,1,0,0
100000,83603,1,1,0,0,0,1,0,0,1,0
100000,83631,1,1,0,0,1,0,1,0,0,0
100000,83666,1,1,1,1,0,1,1,1,0,0
100000,83704,0,1,0,1,0,1,0,1,1,1
100000,83723,0,0,0,0,1,0,0,1,1,0
100000,83753,1,1,1,1,0,0,0,1,1,1
100000,83776,0,0,0,1,0,0,1,0,0,0
100000,83832,0,0,0,0,1,1,0,1,0,1
100000,83842,0,0,1,1,0,0,1,1,1,0
100000,83864,0,0,0,1,1,1,0,0,0,1
100000,83919,1,1,0,0,1,1,1,0,1,1
100000,83926,1,1,1,1,1,1,1,1,1,0
100000,83982,1,0,0,1,1,0,0,1,1,0
100000,84089,0,1,0,0,1,0,0,1,1,1
100000,84099,0,1,1,0,0,1,0,0,0,0
100000,84100,0,0,0,1,0,0,0,1,1,0
100000,84128,0,0,0,1,1,1,1,1,1,0
100000,84146,1,1,1,0,0,0,1,0,0,1
100000,84162,0,0,1,0,0,0,0,1,0,1
100000,84195,0,1,1,1,0,1,0,0,0,0
100000,84196,1,1,1,0,0,1,1,1,0,1
100000,84260,1,0,1,0,1,1,1,0,0,0
100000,84285,0,0,0,1,0,0,0,1,1,0
100000,84517,1,0,1,1,0,1,0,0,1,0
100000,84543,1,0,1,0,0,0,1,1,0,1
100000,84583,0,0,0,0,0,1,0,0,0,1
100000,84816,1,1,0,0,1,1,1,1,0,1
100000,84871,1,0,1,1,0,1,0,0,1,0
100000,84910,1,0,0,1,1,1,0,1,0,0
100000,84926,1,1,1,1,1,1,0,1,1,1
100000,84994,1,1,0,0,0,1,1,1,1,0
100000,85019,0,1,1,1,1,0,1,0,0,1
100000,85142,1,1,0,0,0,1,1,0,1,1
100000,85179,1,0,0,1,0,1,0,1,1,0
100000,85185,1,0,1,1,0,1,1,1,1,1
100000,85395,0,1,0,1,0,1,0,0,0,1
100000,85451,0,0,1,0,0,0,0,1,0,0
100000,85548,1,0,1,1,0,1,0,0,0,0
100000,85555,1,1,0,0,1,0,1,1,1,1
100000,85601,1,0,1,1,0,1,1,1,0,1
100000,85718,0,0,1,0,0,0,1,0,1,0
100000,85871,0,1,0,1,1,1,1,0,1,0
100000,85962,0,0,1,1,0,0,0,0,1,1
100000,85972,0,0,1,0,1,1,0,0,1,0
100000,86014,0,1,1,0,1,0,0,0,1,1
100000,86027,1,0,1,0,0,1,1,0,1,0
100000,86070,0,1,0,0,0,0,1,1,1,0
100000,86103,0,0,1,1,1,1,1,0,1,0
100000,86158,0,1,1,1,1,1,1,1,1,1
100000,86335,0,1,1,0,0,1,0,1,0,0
100000,86338,1,0,1,0,0,0,0,0,1,0
100000,86394,0,0,1,1,0,0,0,1,1,1
100000,86400,1,1,0,0,0,0,0,0,1,0
100000,86421,1,1,1,1,1,1,1,0,1,1
100000,86508,1,0,0,0,0,0,0,1,1,1
100000,86668,0,0,1,0,0,0,0,1,0,1
100000,86716,1,0,0,0,0,0,0,1,0,1
100000,86816,1,1,0,1,0,0,1,1,0,0
100000,86865,0,0,0,1,1,1,0,1,0,1
100000,86916,0,1,1,1,1,1,0,0,0,1
100000,86927,0,1,0,0,1,1,0,1,1,1
100000,86961,1,1,0,1,0,1,0,1,0,1
100000,87065,1,1,0,0,0,0,1,1,1,0
100000,87127,1,1,1,0,0,1,1,1,0,0
100000,87227,1,1,0,0,0,1,1,1,0,1
100000,87284,0,0,1,0,0,1,1,0,0,1
100000,87402,0,0,1,1,0,1,0,0,1,0
100000,87409,0,0,1,1,1,1,0,0,1,0
100000,87412,0,1,1,0,1,0,0,1,1,0
100000,87414,0,0,1,1,0,1,1,0,1,0
100000,87419,1,1,0,0,0,0,1,1,1,0
100000,87499,1,1,1,1,1,0,1,1,1,1
100000,87540,1,0,1,0,0,0,0,1,1,1
100000,87554,1,1,0,1,0,1,1,1,0,1
100000,87561,1,0,0,0,1,1,1,1,0,1
100000,87670,1,0,1,0,1,1,1,0,0,1
100000,87782,0,0,0,0,1,0,1,0,0,1
100000,87848,1,1,0,0,0,1,1,1,0,0
100000,88019,0,0,0,0,1,0,1,1,1,1
100000,88056,1,1,1,1,0,0,0,1,1,0
100000,88084,0,0,1,0,1,0,1,1,1,1
100000,88093,0,1,0,1,0,0,1,1,0,1
100000,88134,1,0,0,1,0,0,0,0,1,1
100000,88150,1,1,1,1,0,0,0,0,1,0
100000,88244,1,1,0,1,0,0,0,1,0,1
100000,88249,0,0,1,1,1,0,0,0,1,1
100000,88262,1,1,1,1,1,0,0,1,0,1
100000,88328,0,0,1,0,1,0,1,1,0,0
100000,88355,1,1,0,0,1,1,1,0,0,1
100000,88378,0,1,0,1,0,0,1,1,1,0
100000,88392,1,1,0,1,0,0,0,1,0,0
100000,88421,1,0,1,1,1,0,1,0,1,1
100000,88441,0,1,1,1,1,0,1,1,0,1
100000,88465,0,0,0,1,1,0,0,1,1,1
100000,88549,0,0,0,0,1,0,0,0,1,0
100000,88685,1,1,1,1,1,1,0,0,0,1
100000,88770,0,1,0,0,1,0,0,0,1,0
100000,88831,1,1,0,0,0,0,0,0,1,1
100000,88876,0,1,1,0,1,1,1,0,0,0
100000,88944,1,1,1,0,1,1,0,1,1,0
100000,88970,0,1,0,0,0,1,0,1,1,0
100000,88985,0,0,0,1,0,0,0,0,0,1
100000,89003,1,0,0,0,1,1,0,1,0,0
100000,89004,0,1,0,1,1,1,0,1,1,0
100000,89005,0,1,1,0,1,1,0,0,1,1
100000,89010,0,0,1,0,0,0,0,1,0,0
100000,89177,0,1,0,0,0,0,1,0,1,0
100000,89212,0,0,0,0,1,0,0,0,0,1
100000,89216,1,1,0,1,1,1,0,1,1,0
100000,89231,0,1,0,0,1,0,0,1,0,0
100000,89240,0,1,1,1,0,0,0,0,0,1
100000,89259,1,0,0,1,1,0,1,0,1,1
100000,89353,0,1,0,0,1,1,1,0,1,0
100000,89361,0,1,0,1,0,0,1,1,1,0
100000,89377,1,0,1,0,1,0,0,0,0,1
100000,89422,0,0,1,1,1,1,1,0,0,1
100000,89433,0,0,1,1,1,1,1,1,1,0
100000,89448,1,0,0,0,0,0,1,1,1,1
100000,89453,0,1,1,0,1,1,0,1,1,1
100000,89581,1,0,1,1,0,1,1,0,1,0
100000,89657,0,0,1,1,1,0,0,1,1,1
100000,89673,0,0,1,0,1,1,0,0,0,0
100000,89676,0,1,1,1,0,0,0,0,0,0
100000,89706,0,1,1,0,0,0,0,1,1,0
100000,89719,0,1,1,1,1,1,1,1,1,0
100000,89724,1,1,0,1,1,1,0,1,0,1
100000,89765,1,1,1,0,0,1,0,0,0,0
100000,89792,0,0,1,0,1,1,1,0,0,1
100000,89827,0,1,0,1,1,0,1,1,1,1
100000,89920,0,1,1,1,0,1,1,0,0,0
100000,89927,0,0,0,0,1,1,0,1,0,0
100000,89934,0,0,1,0,1,0,0,0,0,1
100000,89969,1,0,1,0,0,0,0,1,1,1
100000,89986,1,0,0,1,1,1,0,0,1,1
100000,90052,0,1,1,1,0,0,1,0,0,0
100000,90088,1,0,1,0,1,0,0,0,1,1
100000,90151,1,0,1,0,1,0,0,0,1,1
100000,90196,1,0,0,0,1,1,1,1,0,0
100000,90206,1,1,1,0,1,1,1,1,1,0
100000,90242,1,0,0,0,1,0,0,1,0,0
100000,90260,1,0,0,0,1,1,0,0,0,0
100000,90290,1,0,0,1,0,1,1,1,0,1
100000,90352,1,1,0,0,0,0,1,0,0,1
100000,90431,0,1,0,0,1,1,1,0,0,0
100000,90493,0,0,0,0,1,0,0,0,1,0
100000,90505,1,0,1,1,0,0,0,1,1,0
100000,90586,0,1,1,1,0,0,1,1,1,0
100000,90593,0,0,0,0,1,1,0,1,0,1
100000,90612,0,0,0,0,1,0,1,0,1,1
100000,90626,1,1,0,1,0,0,1,1,1,1
100000,90657,0,1,0,0,1,1,1,0,1,1
100000,90856,0,1,1,1,1,0,0,1,1,0
100000,90860,1,1,0,0,1,1,0,0,1,1
100000,90879,0,0,1,0,1,1,1,0,0,1
100000,90895,0,1,1,1,0,1,1,0,1,0
100000,90897,0,0,0,1,0,0,1,0,0,1
100000,90986,1,0,1,0,1,0,1,1,1,0
100000,91044,1,1,1,1,1,1,0,0,0,1
100000,91055,1,0,1,1,0,1,1,0,1,1
100000,91133,0,1,1,0,0,1,0,1,1,0
100000,91280,1,0,0,0,1,1,1,0,1,0
100000,91318,1,1,0,1,0,1,0,0,0,1
100000,91480,1,0,1,1,1,0,0,0,1,1
100000,91600,1,1,1,1,1,0,1,1,0,0
100000,91630,0,0,1,0,1,0,0,0,1,0
100000,91718,1,0,1,1,1,0,0,0,0,0
100000,91771,1,0,0,0,0,0,0,1,0,0
100000,91843,0,0,1,0,0,1,0,1,0,1
100000,91887,1,0,0,0,0,0,0,1,0,1
100000,91893,1,1,1,1,1,1,1,0,0,1
100000,91933,0,1,0,0,0,0,1,1,0,1
100000,91973,0,0,0,0,1,0,0,1,0,1
100000,92001,1,1,1,1,0,0,0,1,1,1
100000,92015,1,0,0,0,1,1,1,1,1,1
100000,92170,0,1,1,0,0,0,0,0,1,1
100000,92176,1,0,0,1,1,1,1,0,0,0
100000,92207,0,1,1,1,0,1,1,0,1,1
100000,92273,1,0,0,1,0,1,0,1,1,1
100000,92281,1,1,0,1,0,0,0,0,1,1
100000,92282,0,1,1,0,1,1,1,0,1,1
100000,92341,1,0,1,0,1,0,1,0,0,0
100000,92369,1,0,1,1,0,1,0,1,0,1
100000,92412,1,0,0,1,0,1,1,0,1,1
100000,92427,0,0,0,0,1,0,1,1,1,0
100000,92571,0,1,1,0,0,0,1,0,1,1
100000,92661,1,0,1,0,1,0,1,1,0,1
100000,92688,0,0,0,1,1,1,1,1,0,1
100000,92751,1,0,1,0,1,1,1,1,1,1
100000,92755,1,1,1,1,0,1,1,1,1,0
100000,92860,0,1,1,1,0,1,1,1,0,0
100000,92953,0,0,0,0,0,0,1,1,1,0
100000,92956,1,0,0,1,0,0,0,0,1,0
100000,93041,1,0,1,0,0,1,0,0,0,0
100000,93204,0,1,0,0,0,1,1,1,0,1
100000,93219,0,0,0,0,1,1,0,1,1,0
100000,93377,1,0,1,1,1,0,1,1,0,0
100000,93386,1,1,0,1,0,1,1,1,0,1
100000,93414,0,0,1,0,0,1,0,1,0,0
100000,93428,1,1,0,1,0,1,0,1,1,0
100000,93516,0,1,1,0,1,1,1,1,0,0
100000,93617,0,1,0,1,0,1,0,0,1,1
100000,93632,1,1,1,1,0,1,0,0,0,0
100000,93772,0,1,1,0,0,1,0,1,0,0
100000,93874,0,1,0,0,0,0,0,0,1,1
100000,93876,0,0,0,1,1,1,1,1,0,1
100000,93914,0,0,0,1,0,0,0,1,1,1
100000,93925,0,1,0,1,0,1,1,1,1,1
100000,94030,0,0,1,0,1,1,1,1,1,0
100000,94034,1,1,1,1,0,1,0,1,0,0
100000,94077,0,1,0,1,1,0,1,0,1,0
100000,94080,0,0,0,0,1,1,0,1,1,1
100000,94173,1,0,0,1,1,0,1,0,0,1
100000,94205,1,1,1,0,0,0,1,1,1,1
100000,94271,0,0,1,0,0,1,1,1,0,0
100000,94279,1,0,0,1,1,0,0,1,1,0
100000,94351,1,1,1,0,0,1,1,1,1,1
100000,94381,0,1,0,1,1,1,1,0,0,1
100000,94474,1,0,0,0,0,1,0,1,0,1
100000,94516,1,1,1,1,1,1,0,1,1,0
100000,94685,0,1,1,0,0,0,1,1,1,1
100000,94698,0,0,0,1,0,1,0,1,0,0
100000,94726,0,0,0,0,0,0,1,0,1,1
100000,94766,1,0,1,0,0,0,1,1,1,1
100000,94854,0,0,1,0,0,0,0,0,1,0
100000,94864,1,1,1,0,1,0,0,1,0,1
100000,94875,0,1,1,1,0,0,1,0,1,1
100000,94947,0,1,0,0,0,0,0,0,0,0
100000,95010,0,0,0,1,1,0,0,1,0,1
100000,95027,0,1,1,1,0,0,0,1,1,0
100000,95073,0,1,1,1,1,1,0,0,0,0
100000,95123,1,0,0,1,1,0,0,0,1,0
100000,95132,1,1,1,1,1,1,1,0,0,1
100000,95139,0,1,1,0,1,1,0,0,0,0
100000,95163,1,1,1,0,0,0,0,1,0,0
100000,95200,1,1,0,1,1,0,0,1,0,1
100000,95224,1,1,1,0,0,1,0,0,1,1
100000,95244,1,0,0,0,0,1,1,0,0,1
100000,95538,1,0,0,1,0,0,0,0,0,0
100000,95730,0,1,0,0,0,0,1,1,1,0
100000,95906,1,1,0,0,1,1,0,1,0,1
100000,95967,1,1,0,0,1,0,0,1,1,0
100000,96009,1,0,1,0,0,0,0,1,1,0
100000,96062,0,1,1,0,0,0,0,0,0,1
100000,96110,1,1,1,1,0,1,1,1,0,1
100000,96130,1,1,1,0,0,0,1,0,1,0
100000,96261,0,0,1,0,1,0,1,1,0,0
100000,96283,0,0,0,0,0,1,0,0,1,0
100000,96361,0,0,0,1,0,1,1,0,0,0
100000,96428,1,0,1,1,1,1,0,1,1,0
100000,96620,1,0,0,1,0,1,1,0,1,0
100000,96724,0,0,0,1,1,0,1,1,0,0
100000,96734,0,0,0,0,1,0,0,1,0,0
100000,96795,1,0,0,1,1,0,1,1,0,1
100000,96827,0,1,0,1,1,0,0,1,1,1
100000,96848,0,1,1,1,1,0,0,1,0,0
100000,96861,0,0,1,0,0,0,1,0,0,1
100000,96979,0,0,0,0,0,0,0,0,0,0
100000,97237,1,1,0,1,1,0,1,0,0,1
100000,97250,1,1,1,0,0,1,1,0,0,1
100000,97331,0,0,0,0,0,1,1,0,1,1
100000,97477,1,1,1,0,1,1,1,0,1,0
100000,97479,1,0,0,0,1,0,1,1,1,0
100000,97535,1,0,1,1,0,1,0,1,0,1
100000,97604,0,0,1,1,0,1,1,1,0,1
100000,97691,0,0,0,1,0,1,0,1,1,0
100000,97712,1,0,0,1,0,0,1,0,0,0
100000,97715,1,1,0,0,1,1,1,0,0,0
100000,97739,0,0,1,0,0,1,1,1,0,1
100000,97791,0,1,0,1,0,0,1,0,0,1
100000,97793,0,0,1,0,1,0,0,1,1,1
100000,97825,1,1,1,0,0,1,1,1,0,1
100000,97830,1,0,0,1,0,0,1,1,1,1
100000,97835,0,1,0,0,0,0,1,1,1,0
100000,97868,0,0,1,1,0,0,0,0,1,0
100000,98005,0,1,1,1,1,0,0,1,1,0
100000,98126,1,1,1,1,1,1,1,0,0,0
100000,98131,1,1,0,0,0,1,0,0,0,1
100000,98361,1,0,0,1,1,0,1,1,0,0
100000,98430,1,0,0,1,1,0,1,0,1,0
100000,98454,0,1,1,1,0,1,0,1,1,0
100000,98458,0,1,0,0,1,1,1,0,1,0
100000,98533,1,0,0,1,0,0,0,1,1,1
100000,98536,0,1,1,0,1,1,0,0,0,0
100000,98628,0,0,0,1,0,0,1,1,1,1
100000,98642,1,1,0,1,1,0,1,0,0,0
100000,98648,1,1,1,1,1,0,0,0,1,1
100000,98712,0,1,0,1,0,1,0,0,1,1
100000,98733,0,0,0,1,0,1,0,1,1,0
100000,98745,1,1,0,0,1,0,1,1,0,1
100000,98779,1,1,1,1,1,1,0,1,1,1
100000,98886,1,0,0,0,0,0,0,1,0,0
100000,98887,1,1,1,1,1,0,1,0,1,1
100000,98895,0,1,1,1,1,1,1,0,1,0
100000,98951,1,1,1,0,1,0,1,0,0,1
100000,98966,1,0,1,1,1,1,1,1,1,0
100000,98988,1,1,0,0,1,1,1,0,1,1
100000,99004,0,0,1,1,1,0,1,1,0,1
100000,99030,1,1,0,0,1,0,0,0,1,0
100000,99139,1,0,1,1,1,1,1,0,0,0
100000,99150,0,0,1,0,0,0,0,0,0,0
100000,99172,0,0,0,1,0,1,0,0,0,1
100000,99266,1,0,0,0,0,1,1,0,0,0
100000,99319,1,1,1,1,0,1,1,0,1,1
100000,99447,1,0,1,1,1,1,0,1,0,0
100000,99532,1,0,1,0,1,0,0,0,1,0
100000,99538,0,0,0,0,1,0,1,1,1,1
100000,99569,1,1,0,0,0,1,1,0,1,0
100000,99585,0,0,0,0,0,0,1,1,1,0
100000,99588,1,0,1,1,1,0,0,0,1,1
100000,99737,1,1,0,1,0,1,0,0,1,0
100000,99745,1,1,1,0,1,1,1,0,0,0
100000,99780,1,1,1,0,0,0,0,0,0,0
